STAID,final_training_status
01019000,TRAIN_SOFT_KEEP
01022500,TRAIN_CORE
01033000,TRAIN_SOFT_KEEP
01038000,TRAIN_CORE
01049500,TRAIN_SOFT_KEEP
01060000,TRAIN_CORE
01064801,TRAIN_CORE
01068910,TRAIN_SOFT_KEEP
01069500,TRAIN_SOFT_KEEP
01072800,TRAIN_CORE
01073000,TRAIN_CORE
01073319,TRAIN_CORE
01073500,TRAIN_CORE
01073587,TRAIN_CORE
01074520,TRAIN_CORE
01075000,TRAIN_CORE
01076000,TRAIN_CORE
01077400,TRAIN_CORE
01078000,TRAIN_CORE
01082000,TRAIN_CORE
01085000,TRAIN_SOFT_KEEP
01086000,TRAIN_CORE
01089500,TRAIN_CORE
01091000,TRAIN_CORE
01091500,TRAIN_CORE
01093852,TRAIN_CORE
01094000,TRAIN_CORE
01094400,TRAIN_CORE
01094500,TRAIN_CORE
01095220,TRAIN_CORE
01095375,TRAIN_CORE
01096000,TRAIN_CORE
01097000,TRAIN_SOFT_KEEP
01097300,TRAIN_SOFT_KEEP
01100505,TRAIN_SOFT_KEEP
01100561,TRAIN_CORE
01100600,TRAIN_CORE
01100627,TRAIN_SOFT_KEEP
01101000,TRAIN_CORE
01101500,TRAIN_CORE
01102000,TRAIN_CORE
01102500,TRAIN_SOFT_KEEP
01103280,TRAIN_CORE
01103500,TRAIN_CORE
01104200,TRAIN_CORE
01104430,TRAIN_SOFT_KEEP
01104460,TRAIN_SOFT_KEEP
01104475,TRAIN_CORE
01104500,TRAIN_CORE
01105000,TRAIN_CORE
01105500,TRAIN_SOFT_KEEP
01105554,TRAIN_CORE
01105600,TRAIN_CORE
01105638,TRAIN_CORE
01105880,TRAIN_SOFT_KEEP
01105917,TRAIN_SOFT_KEEP
01105933,TRAIN_CORE
01108000,TRAIN_SOFT_KEEP
01109000,TRAIN_CORE
01109060,TRAIN_CORE
01109070,TRAIN_CORE
01109403,TRAIN_CORE
01109730,TRAIN_SOFT_KEEP
01110000,TRAIN_SOFT_KEEP
01111212,TRAIN_SOFT_KEEP
01111300,TRAIN_CORE
01111500,TRAIN_CORE
01114000,TRAIN_CORE
01114500,TRAIN_CORE
01115098,TRAIN_CORE
01115187,TRAIN_CORE
01115630,TRAIN_CORE
01116000,TRAIN_CORE
01116500,TRAIN_CORE
01116905,TRAIN_CORE
01117000,TRAIN_CORE
01117350,TRAIN_CORE
01117370,TRAIN_CORE
01117468,TRAIN_CORE
01117500,TRAIN_CORE
01117800,TRAIN_CORE
01118000,TRAIN_CORE
01118300,TRAIN_CORE
01121000,TRAIN_CORE
01122000,TRAIN_CORE
01123000,TRAIN_CORE
01123360,TRAIN_CORE
01123600,TRAIN_SOFT_KEEP
01124000,TRAIN_SOFT_KEEP
01124151,TRAIN_SOFT_KEEP
01125000,TRAIN_SOFT_KEEP
01125500,TRAIN_SOFT_KEEP
01127500,TRAIN_CORE
01133000,TRAIN_CORE
01134500,TRAIN_CORE
01135150,TRAIN_CORE
01135300,TRAIN_CORE
01137500,TRAIN_CORE
01139000,TRAIN_CORE
01139800,TRAIN_CORE
01142500,TRAIN_CORE
01150900,TRAIN_CORE
01151500,TRAIN_CORE
01152500,TRAIN_CORE
01153000,TRAIN_CORE
01153550,TRAIN_CORE
01155500,TRAIN_CORE
01157000,TRAIN_CORE
01158000,TRAIN_CORE
01160350,TRAIN_SOFT_KEEP
01162000,TRAIN_SOFT_KEEP
01162500,TRAIN_CORE
01163200,TRAIN_SOFT_KEEP
01166500,TRAIN_SOFT_KEEP
01168500,TRAIN_SOFT_KEEP
01169000,TRAIN_CORE
01169900,TRAIN_SOFT_KEEP
01170100,TRAIN_CORE
01171500,TRAIN_CORE
01172500,TRAIN_SOFT_KEEP
01173000,TRAIN_CORE
01173500,TRAIN_SOFT_KEEP
01174500,TRAIN_CORE
01174565,TRAIN_CORE
01175500,TRAIN_SOFT_KEEP
01175670,TRAIN_CORE
01176000,TRAIN_CORE
01179500,TRAIN_CORE
01181000,TRAIN_CORE
01184100,TRAIN_SOFT_KEEP
01184490,TRAIN_CORE
01185500,TRAIN_CORE
01186000,TRAIN_CORE
01186500,TRAIN_CORE
01187300,TRAIN_SOFT_KEEP
01187800,TRAIN_CORE
01188000,TRAIN_CORE
01188090,TRAIN_CORE
01189000,TRAIN_CORE
01191000,TRAIN_CORE
01192500,TRAIN_CORE
01192883,TRAIN_CORE
01193500,TRAIN_CORE
01194000,TRAIN_CORE
01194500,TRAIN_CORE
01195100,TRAIN_CORE
01195490,TRAIN_CORE
01196500,TRAIN_CORE
01196561,TRAIN_CORE
01196620,TRAIN_CORE
01197000,TRAIN_CORE
01197500,TRAIN_CORE
01198000,TRAIN_CORE
01199050,TRAIN_CORE
01200000,TRAIN_CORE
01202501,TRAIN_SOFT_KEEP
01203600,TRAIN_CORE
01203805,TRAIN_CORE
01204000,TRAIN_CORE
01206900,TRAIN_SOFT_KEEP
01208500,TRAIN_SOFT_KEEP
01208873,TRAIN_CORE
01208925,TRAIN_SOFT_KEEP
01208950,TRAIN_CORE
01208990,TRAIN_CORE
01209700,TRAIN_CORE
01209901,TRAIN_SOFT_KEEP
01303000,TRAIN_SOFT_KEEP
01303500,TRAIN_CORE
01304500,TRAIN_CORE
01305000,TRAIN_CORE
01305500,TRAIN_SOFT_KEEP
01306460,TRAIN_CORE
01308500,TRAIN_CORE
01309500,TRAIN_CORE
01309950,TRAIN_CORE
01310500,TRAIN_CORE
01311500,TRAIN_CORE
01312000,TRAIN_CORE
01315000,TRAIN_SOFT_KEEP
01330000,TRAIN_CORE
01331500,TRAIN_CORE
01332500,TRAIN_CORE
01333000,TRAIN_CORE
01334000,TRAIN_CORE
01336000,TRAIN_CORE
01343060,TRAIN_SOFT_KEEP
01348000,TRAIN_CORE
01349000,TRAIN_CORE
01349150,TRAIN_CORE
01349700,TRAIN_CORE
01349705,TRAIN_CORE
01349711,TRAIN_CORE
01349810,TRAIN_SOFT_KEEP
01349950,TRAIN_CORE
01350000,TRAIN_CORE
01350035,TRAIN_CORE
01350080,TRAIN_CORE
01350120,TRAIN_CORE
01350140,TRAIN_CORE
01350180,TRAIN_CORE
01360640,TRAIN_CORE
01362200,TRAIN_CORE
01362370,TRAIN_CORE
01362500,TRAIN_CORE
01363382,TRAIN_CORE
01367500,TRAIN_CORE
01372500,TRAIN_CORE
01374505,TRAIN_CORE
01374531,TRAIN_CORE
01374559,TRAIN_SOFT_KEEP
01374598,TRAIN_SOFT_KEEP
01374890,TRAIN_SOFT_KEEP
01374901,TRAIN_SOFT_KEEP
01374930,TRAIN_SOFT_KEEP
01374941,TRAIN_SOFT_KEEP
01377370,TRAIN_CORE
01377500,TRAIN_CORE
01378500,TRAIN_SOFT_KEEP
01379000,TRAIN_CORE
01379500,TRAIN_CORE
01379530,TRAIN_CORE
01379773,TRAIN_SOFT_KEEP
01379780,TRAIN_SOFT_KEEP
01381000,TRAIN_SOFT_KEEP
01381400,TRAIN_CORE
01381500,TRAIN_CORE
01381800,TRAIN_SOFT_KEEP
01381900,TRAIN_SOFT_KEEP
01382500,TRAIN_SOFT_KEEP
01383500,TRAIN_SOFT_KEEP
01384500,TRAIN_SOFT_KEEP
01386000,TRAIN_SOFT_KEEP
01387420,TRAIN_CORE
01387500,TRAIN_CORE
01388000,TRAIN_CORE
01389550,TRAIN_SOFT_KEEP
01390450,TRAIN_CORE
01390500,TRAIN_CORE
01391500,TRAIN_CORE
01393450,TRAIN_CORE
01394500,TRAIN_CORE
01395000,TRAIN_CORE
01396500,TRAIN_CORE
01396660,TRAIN_SOFT_KEEP
01397000,TRAIN_SOFT_KEEP
01398000,TRAIN_CORE
01398500,TRAIN_CORE
01399500,TRAIN_CORE
01399670,TRAIN_SOFT_KEEP
01400000,TRAIN_CORE
01401000,TRAIN_CORE
01401650,TRAIN_CORE
01402000,TRAIN_SOFT_KEEP
01403150,TRAIN_CORE
01403400,TRAIN_CORE
01403540,TRAIN_CORE
01403900,TRAIN_CORE
01405030,TRAIN_CORE
01405400,TRAIN_CORE
01406050,TRAIN_CORE
01407290,TRAIN_CORE
01407500,TRAIN_CORE
01407705,TRAIN_CORE
01408000,TRAIN_CORE
01408029,TRAIN_CORE
01408120,TRAIN_CORE
01408500,TRAIN_CORE
01409280,TRAIN_CORE
01409400,TRAIN_CORE
01409810,TRAIN_SOFT_KEEP
01410000,TRAIN_CORE
01410150,TRAIN_CORE
01411000,TRAIN_CORE
01411300,TRAIN_CORE
01411500,TRAIN_SOFT_KEEP
01412800,TRAIN_CORE
01413088,TRAIN_CORE
01413398,TRAIN_CORE
01413408,TRAIN_CORE
01413500,TRAIN_CORE
01414000,TRAIN_CORE
01414500,TRAIN_CORE
01415000,TRAIN_CORE
01415460,TRAIN_CORE
01417000,TRAIN_SOFT_KEEP
01419500,TRAIN_SOFT_KEEP
01420500,TRAIN_CORE
01421610,TRAIN_CORE
01421618,TRAIN_CORE
01421900,TRAIN_CORE
01422500,TRAIN_CORE
01422747,TRAIN_CORE
01423000,TRAIN_CORE
01427500,TRAIN_CORE
01428000,TRAIN_CORE
01429500,TRAIN_CORE
01430000,TRAIN_CORE
01431500,TRAIN_CORE
01432900,TRAIN_CORE
01433500,TRAIN_CORE
01434017,TRAIN_CORE
01434021,TRAIN_SOFT_KEEP
01434025,TRAIN_CORE
01434498,TRAIN_CORE
01435000,TRAIN_CORE
01436000,TRAIN_CORE
01436690,TRAIN_SOFT_KEEP
01437500,TRAIN_CORE
01439500,TRAIN_CORE
01440000,TRAIN_CORE
01440400,TRAIN_CORE
01440485,TRAIN_CORE
01441495,TRAIN_CORE
01442500,TRAIN_CORE
01443280,TRAIN_CORE
01443500,TRAIN_CORE
01445000,TRAIN_SOFT_KEEP
01446000,TRAIN_CORE
01446775,TRAIN_CORE
01446776,TRAIN_CORE
01447500,TRAIN_CORE
01447680,TRAIN_CORE
01447720,TRAIN_CORE
01447800,TRAIN_CORE
01449360,TRAIN_CORE
01449800,TRAIN_SOFT_KEEP
01450500,TRAIN_CORE
01451500,TRAIN_CORE
01451650,TRAIN_CORE
01451800,TRAIN_CORE
01452000,TRAIN_CORE
01452500,TRAIN_CORE
01457000,TRAIN_CORE
01459500,TRAIN_CORE
01463620,TRAIN_SOFT_KEEP
01464000,TRAIN_SOFT_KEEP
01464500,TRAIN_CORE
01464645,TRAIN_SOFT_KEEP
01464750,TRAIN_SOFT_KEEP
01464907,TRAIN_CORE
01465500,TRAIN_SOFT_KEEP
01465798,TRAIN_CORE
01465850,TRAIN_CORE
01466500,TRAIN_SOFT_KEEP
01466900,TRAIN_CORE
01467000,TRAIN_CORE
01467042,TRAIN_CORE
01467048,TRAIN_CORE
01467081,TRAIN_CORE
01467086,TRAIN_CORE
01467087,TRAIN_CORE
01467150,TRAIN_CORE
01468500,TRAIN_CORE
01469500,TRAIN_CORE
01470500,TRAIN_CORE
01470779,TRAIN_CORE
01470960,TRAIN_SOFT_KEEP
01471000,TRAIN_SOFT_KEEP
01471875,TRAIN_CORE
01472157,TRAIN_CORE
01472198,TRAIN_CORE
01472199,TRAIN_CORE
01472620,TRAIN_CORE
01472810,TRAIN_CORE
01473000,TRAIN_CORE
01473169,TRAIN_CORE
01473900,TRAIN_CORE
01474000,TRAIN_CORE
01475510,TRAIN_CORE
01475530,TRAIN_CORE
01475548,TRAIN_CORE
01475850,TRAIN_CORE
01476480,TRAIN_CORE
01477000,TRAIN_CORE
01477120,TRAIN_CORE
01477800,TRAIN_CORE
01478000,TRAIN_CORE
01478120,TRAIN_CORE
01478245,TRAIN_CORE
01478650,TRAIN_CORE
01479000,TRAIN_CORE
01479820,TRAIN_CORE
01480000,TRAIN_SOFT_KEEP
01480015,TRAIN_CORE
01480300,TRAIN_CORE
01480400,TRAIN_SOFT_KEEP
01480500,TRAIN_CORE
01480617,TRAIN_SOFT_KEEP
01480638,TRAIN_CORE
01480675,TRAIN_CORE
01480685,TRAIN_SOFT_KEEP
01480700,TRAIN_SOFT_KEEP
01480870,TRAIN_SOFT_KEEP
01481000,TRAIN_SOFT_KEEP
01481500,TRAIN_SOFT_KEEP
01482500,TRAIN_CORE
01483155,TRAIN_SOFT_KEEP
01483200,TRAIN_CORE
01483700,TRAIN_CORE
01484100,TRAIN_CORE
01484525,TRAIN_SOFT_KEEP
01485000,TRAIN_SOFT_KEEP
01485500,TRAIN_CORE
01486000,TRAIN_SOFT_KEEP
01487000,TRAIN_CORE
01488500,TRAIN_CORE
01490000,TRAIN_CORE
01491000,TRAIN_CORE
01491500,TRAIN_CORE
01492500,TRAIN_SOFT_KEEP
01493000,TRAIN_CORE
01493500,TRAIN_CORE
01494850,TRAIN_CORE
01495000,TRAIN_CORE
01500000,TRAIN_CORE
01505000,TRAIN_CORE
01509000,TRAIN_SOFT_KEEP
01510000,TRAIN_CORE
01514000,TRAIN_CORE
01516350,TRAIN_CORE
01516500,TRAIN_CORE
01518000,TRAIN_CORE
01518862,TRAIN_CORE
01520000,TRAIN_CORE
01521500,TRAIN_CORE
01523500,TRAIN_CORE
01524500,TRAIN_CORE
01525500,TRAIN_CORE
01525981,TRAIN_CORE
01527500,TRAIN_CORE
01532000,TRAIN_CORE
01534300,TRAIN_CORE
01534500,TRAIN_CORE
01536000,TRAIN_CORE
01538000,TRAIN_SOFT_KEEP
01539000,TRAIN_CORE
01541000,TRAIN_CORE
01541200,TRAIN_CORE
01541500,TRAIN_CORE
01542810,TRAIN_CORE
01543000,TRAIN_CORE
01544000,TRAIN_CORE
01544500,TRAIN_CORE
01545000,TRAIN_CORE
01545600,TRAIN_CORE
01546400,TRAIN_CORE
01546500,TRAIN_CORE
01547100,TRAIN_CORE
01547200,TRAIN_CORE
01547500,TRAIN_SOFT_KEEP
01547700,TRAIN_CORE
01547950,TRAIN_CORE
01549500,TRAIN_CORE
01550000,TRAIN_CORE
01552500,TRAIN_CORE
01553700,TRAIN_SOFT_KEEP
01555000,TRAIN_CORE
01555500,TRAIN_CORE
01556000,TRAIN_CORE
01557500,TRAIN_CORE
01558000,TRAIN_CORE
01560000,TRAIN_CORE
01564500,TRAIN_SOFT_KEEP
01565000,TRAIN_CORE
01566000,TRAIN_CORE
01567500,TRAIN_CORE
01568000,TRAIN_CORE
01571184,TRAIN_CORE
01571500,TRAIN_CORE
01572025,TRAIN_CORE
01572190,TRAIN_CORE
01573000,TRAIN_CORE
01573825,TRAIN_CORE
01573849,TRAIN_CORE
01575500,TRAIN_SOFT_KEEP
01576500,TRAIN_CORE
01576787,TRAIN_CORE
01578475,TRAIN_CORE
01580000,TRAIN_CORE
01580520,TRAIN_CORE
01581500,TRAIN_CORE
01581649,TRAIN_CORE
01581700,TRAIN_CORE
01581752,TRAIN_SOFT_KEEP
01581810,TRAIN_SOFT_KEEP
01581830,TRAIN_SOFT_KEEP
01581870,TRAIN_SOFT_KEEP
01581920,TRAIN_SOFT_KEEP
01581960,TRAIN_CORE
01582000,TRAIN_CORE
01582500,TRAIN_SOFT_KEEP
01583100,TRAIN_CORE
01583500,TRAIN_CORE
01583580,TRAIN_CORE
01583600,TRAIN_CORE
01584050,TRAIN_CORE
01584500,TRAIN_CORE
01585090,TRAIN_SOFT_KEEP
01585100,TRAIN_CORE
01585200,TRAIN_CORE
01585500,TRAIN_CORE
01586000,TRAIN_CORE
01586210,TRAIN_CORE
01586610,TRAIN_CORE
01589000,TRAIN_CORE
01589100,TRAIN_CORE
01589197,TRAIN_CORE
01589290,TRAIN_CORE
01589300,TRAIN_CORE
01589312,TRAIN_SOFT_KEEP
01589317,TRAIN_SOFT_KEEP
01589330,TRAIN_CORE
01589352,TRAIN_SOFT_KEEP
01589440,TRAIN_CORE
01589500,TRAIN_CORE
01589795,TRAIN_CORE
01591000,TRAIN_CORE
01591400,TRAIN_CORE
01591610,TRAIN_CORE
01591700,TRAIN_CORE
01592500,TRAIN_SOFT_KEEP
01593500,TRAIN_CORE
01594000,TRAIN_CORE
01594440,TRAIN_SOFT_KEEP
01594526,TRAIN_CORE
01595300,TRAIN_CORE
01595500,TRAIN_CORE
01595800,TRAIN_CORE
01596500,TRAIN_CORE
01597500,TRAIN_CORE
01599000,TRAIN_CORE
01601000,TRAIN_CORE
01601500,TRAIN_CORE
01604500,TRAIN_CORE
01605500,TRAIN_CORE
01606000,TRAIN_CORE
01607500,TRAIN_CORE
01608000,TRAIN_CORE
01609000,TRAIN_CORE
01610155,TRAIN_CORE
01613050,TRAIN_CORE
01613095,TRAIN_CORE
01613525,TRAIN_CORE
01613900,TRAIN_CORE
01614000,TRAIN_CORE
01615000,TRAIN_CORE
01616100,TRAIN_CORE
01616500,TRAIN_CORE
01617000,TRAIN_CORE
01617800,TRAIN_CORE
01619000,TRAIN_CORE
01619500,TRAIN_CORE
01620500,TRAIN_CORE
01621050,TRAIN_CORE
01622000,TRAIN_CORE
01625000,TRAIN_CORE
01626000,TRAIN_CORE
01626850,TRAIN_SOFT_KEEP
01627500,TRAIN_CORE
01632000,TRAIN_CORE
01632082,TRAIN_CORE
01632900,TRAIN_CORE
01634500,TRAIN_CORE
01635500,TRAIN_CORE
01636316,TRAIN_CORE
01636690,TRAIN_CORE
01637500,TRAIN_CORE
01638350,TRAIN_CORE
01638420,TRAIN_CORE
01638480,TRAIN_CORE
01639000,TRAIN_CORE
01639500,TRAIN_CORE
01643395,TRAIN_CORE
01643500,TRAIN_CORE
01643590,TRAIN_CORE
01643700,TRAIN_CORE
01643805,TRAIN_CORE
01643880,TRAIN_CORE
01644000,TRAIN_CORE
01644280,TRAIN_CORE
01644371,TRAIN_CORE
01644375,TRAIN_CORE
01644380,TRAIN_SOFT_KEEP
01645000,TRAIN_SOFT_KEEP
01645704,TRAIN_CORE
01645762,TRAIN_CORE
01646000,TRAIN_CORE
01646305,TRAIN_CORE
01647850,TRAIN_CORE
01649150,TRAIN_CORE
01649190,TRAIN_CORE
01649500,TRAIN_CORE
01650500,TRAIN_CORE
01650800,TRAIN_CORE
01651800,TRAIN_CORE
01652500,TRAIN_CORE
01653000,TRAIN_SOFT_KEEP
01653600,TRAIN_CORE
01654000,TRAIN_CORE
01656000,TRAIN_CORE
01656903,TRAIN_CORE
01658000,TRAIN_CORE
01658500,TRAIN_CORE
01660400,TRAIN_CORE
01660920,TRAIN_CORE
01661050,TRAIN_CORE
01661500,TRAIN_CORE
01662800,TRAIN_CORE
01663500,TRAIN_CORE
01665500,TRAIN_CORE
01666500,TRAIN_CORE
01669000,TRAIN_CORE
01669520,TRAIN_CORE
01671100,TRAIN_CORE
01673550,TRAIN_CORE
01673800,TRAIN_CORE
01674000,TRAIN_CORE
02011400,TRAIN_CORE
02011460,TRAIN_CORE
02011470,TRAIN_CORE
02011490,TRAIN_SOFT_KEEP
02011500,TRAIN_CORE
02011800,TRAIN_CORE
02013000,TRAIN_CORE
02014000,TRAIN_CORE
02015700,TRAIN_CORE
02017500,TRAIN_CORE
02018000,TRAIN_CORE
02018500,TRAIN_CORE
02020500,TRAIN_CORE
02021500,TRAIN_CORE
02022500,TRAIN_CORE
02024915,TRAIN_CORE
02027000,TRAIN_CORE
02027500,TRAIN_CORE
02028500,TRAIN_CORE
02030000,TRAIN_CORE
02030500,TRAIN_CORE
02031000,TRAIN_CORE
02032250,TRAIN_CORE
02032640,TRAIN_CORE
02036500,TRAIN_CORE
02038850,TRAIN_CORE
02039000,TRAIN_CORE
02039500,TRAIN_CORE
02041000,TRAIN_CORE
02042500,TRAIN_CORE
02044500,TRAIN_CORE
02046000,TRAIN_CORE
02047500,TRAIN_CORE
02051000,TRAIN_CORE
02053200,TRAIN_CORE
02053800,TRAIN_CORE
02054500,TRAIN_CORE
02054530,TRAIN_CORE
02055000,TRAIN_CORE
02055100,TRAIN_SOFT_KEEP
02056650,TRAIN_CORE
02056900,TRAIN_CORE
02058400,TRAIN_CORE
02059500,TRAIN_CORE
02061500,TRAIN_CORE
02064000,TRAIN_CORE
02065500,TRAIN_CORE
02068500,TRAIN_CORE
02069700,TRAIN_CORE
02070000,TRAIN_CORE
02070500,TRAIN_CORE
02071530,TRAIN_CORE
02072000,TRAIN_CORE
02072500,TRAIN_CORE
02073000,TRAIN_CORE
02074500,TRAIN_CORE
02077200,TRAIN_CORE
02077670,TRAIN_SOFT_KEEP
02079640,TRAIN_CORE
02081500,TRAIN_CORE
02082950,TRAIN_CORE
02084557,TRAIN_SOFT_KEEP
02085000,TRAIN_CORE
02085070,TRAIN_CORE
02085500,TRAIN_CORE
02086849,TRAIN_CORE
02087275,TRAIN_SOFT_KEEP
02087324,TRAIN_SOFT_KEEP
02087359,TRAIN_CORE
02087580,TRAIN_CORE
02088000,TRAIN_SOFT_KEEP
02088383,TRAIN_CORE
02088500,TRAIN_CORE
02090380,TRAIN_CORE
02091000,TRAIN_CORE
02092500,TRAIN_CORE
02093000,TRAIN_SOFT_KEEP
02093800,TRAIN_CORE
02093877,TRAIN_CORE
02094659,TRAIN_CORE
02094770,TRAIN_CORE
02094775,TRAIN_SOFT_KEEP
02095000,TRAIN_CORE
02095181,TRAIN_CORE
02095271,TRAIN_CORE
02095500,TRAIN_CORE
02096846,TRAIN_CORE
02097280,TRAIN_CORE
02097314,TRAIN_CORE
02097464,TRAIN_CORE
02097517,TRAIN_CORE
02099000,TRAIN_SOFT_KEEP
02100500,TRAIN_CORE
02101726,TRAIN_CORE
02101800,TRAIN_CORE
02102908,TRAIN_CORE
02103000,TRAIN_SOFT_KEEP
02104220,TRAIN_CORE
02111000,TRAIN_CORE
02111180,TRAIN_CORE
02111500,TRAIN_CORE
02113850,TRAIN_CORE
02114450,TRAIN_CORE
02118000,TRAIN_CORE
02118500,TRAIN_CORE
02120780,TRAIN_CORE
02121500,TRAIN_CORE
02123500,TRAIN_CORE
02124080,TRAIN_CORE
02128000,TRAIN_CORE
02130840,TRAIN_CORE
02130900,TRAIN_CORE
02130910,TRAIN_CORE
02131472,TRAIN_CORE
02132320,TRAIN_CORE
02133500,TRAIN_CORE
02133624,TRAIN_SOFT_KEEP
02134480,TRAIN_SOFT_KEEP
02137727,TRAIN_CORE
02138500,TRAIN_CORE
02140991,TRAIN_CORE
02142000,TRAIN_CORE
02142654,TRAIN_SOFT_KEEP
02142900,TRAIN_SOFT_KEEP
02142914,TRAIN_SOFT_KEEP
02143000,TRAIN_CORE
02143040,TRAIN_CORE
02143500,TRAIN_CORE
02144000,TRAIN_SOFT_KEEP
02146110,TRAIN_CORE
02146211,TRAIN_CORE
02146285,TRAIN_SOFT_KEEP
02146300,TRAIN_SOFT_KEEP
02146315,TRAIN_SOFT_KEEP
02146348,TRAIN_CORE
02146381,TRAIN_SOFT_KEEP
02146470,TRAIN_SOFT_KEEP
02146507,TRAIN_SOFT_KEEP
02146530,TRAIN_SOFT_KEEP
02146562,TRAIN_SOFT_KEEP
02146600,TRAIN_CORE
02146700,TRAIN_CORE
02146800,TRAIN_SOFT_KEEP
02147500,TRAIN_CORE
02149000,TRAIN_CORE
02150495,TRAIN_CORE
02152100,TRAIN_CORE
02152474,TRAIN_CORE
02153590,TRAIN_CORE
02153700,TRAIN_CORE
02154500,TRAIN_SOFT_KEEP
02154790,TRAIN_CORE
02155500,TRAIN_CORE
02156999,TRAIN_CORE
02157470,TRAIN_CORE
02157490,TRAIN_CORE
02157510,TRAIN_CORE
02158408,TRAIN_CORE
02160000,TRAIN_CORE
02160326,TRAIN_CORE
02160381,TRAIN_SOFT_KEEP
02160390,TRAIN_CORE
02162093,TRAIN_CORE
02162350,TRAIN_CORE
02162500,TRAIN_SOFT_KEEP
02164000,TRAIN_CORE
02164110,TRAIN_CORE
02165200,TRAIN_CORE
02167450,TRAIN_CORE
02167582,TRAIN_CORE
02169570,TRAIN_CORE
02172300,TRAIN_CORE
02173212,TRAIN_CORE
02174250,TRAIN_CORE
02176500,TRAIN_CORE
02177000,TRAIN_CORE
02178400,TRAIN_CORE
02181580,TRAIN_CORE
02186000,TRAIN_CORE
02188600,TRAIN_CORE
02192500,TRAIN_CORE
02193340,TRAIN_CORE
02193500,TRAIN_CORE
02195320,TRAIN_CORE
02196690,TRAIN_SOFT_KEEP
02196835,TRAIN_CORE
02197020,TRAIN_CORE
02197300,TRAIN_CORE
02197598,TRAIN_CORE
02198100,TRAIN_CORE
02198690,TRAIN_CORE
02201000,TRAIN_CORE
02202600,TRAIN_CORE
02203655,TRAIN_CORE
02204070,TRAIN_CORE
02204130,TRAIN_CORE
02204285,TRAIN_SOFT_KEEP
02206500,TRAIN_SOFT_KEEP
02207120,TRAIN_CORE
02207185,TRAIN_CORE
02207220,TRAIN_SOFT_KEEP
02207335,TRAIN_SOFT_KEEP
02207385,TRAIN_CORE
02207400,TRAIN_CORE
02207418,TRAIN_CORE
02207435,TRAIN_CORE
02207448,TRAIN_CORE
02208150,TRAIN_CORE
02208450,TRAIN_CORE
02211375,TRAIN_SOFT_KEEP
02212600,TRAIN_CORE
02213500,TRAIN_CORE
02215100,TRAIN_CORE
02216180,TRAIN_CORE
02217274,TRAIN_CORE
02217297,TRAIN_CORE
02217475,TRAIN_CORE
02217770,TRAIN_CORE
02218565,TRAIN_CORE
02219000,TRAIN_CORE
02220900,TRAIN_CORE
02221525,TRAIN_CORE
02228500,TRAIN_CORE
02231396,TRAIN_SOFT_KEEP
02231600,TRAIN_SOFT_KEEP
02232155,TRAIN_SOFT_KEEP
02234308,TRAIN_SOFT_KEEP
02234324,TRAIN_SOFT_KEEP
02234344,TRAIN_SOFT_KEEP
02234400,TRAIN_SOFT_KEEP
02234990,TRAIN_SOFT_KEEP
02235000,TRAIN_SOFT_KEEP
02245500,TRAIN_CORE
02246000,TRAIN_CORE
02248000,TRAIN_SOFT_KEEP
02266200,TRAIN_SOFT_KEEP
02266205,TRAIN_SOFT_KEEP
02274005,TRAIN_SOFT_KEEP
02274010,TRAIN_SOFT_KEEP
02295013,TRAIN_SOFT_KEEP
02296260,TRAIN_SOFT_KEEP
02297310,TRAIN_SOFT_KEEP
02298110,TRAIN_SOFT_KEEP
02298488,TRAIN_SOFT_KEEP
02298530,TRAIN_SOFT_KEEP
02298554,TRAIN_CORE
02298608,TRAIN_SOFT_KEEP
02298760,TRAIN_CORE
02298830,TRAIN_SOFT_KEEP
02298880,TRAIN_SOFT_KEEP
02299472,TRAIN_SOFT_KEEP
02299950,TRAIN_SOFT_KEEP
02300018,TRAIN_CORE
02300033,TRAIN_SOFT_KEEP
02300075,TRAIN_CORE
02300210,TRAIN_CORE
02300300,TRAIN_CORE
02300700,TRAIN_CORE
02301750,TRAIN_SOFT_KEEP
02301900,TRAIN_SOFT_KEEP
02301990,TRAIN_CORE
02302010,TRAIN_CORE
02303205,TRAIN_SOFT_KEEP
02303350,TRAIN_SOFT_KEEP
02303420,TRAIN_SOFT_KEEP
02303800,TRAIN_SOFT_KEEP
02306647,TRAIN_SOFT_KEEP
02306774,TRAIN_SOFT_KEEP
02307000,TRAIN_SOFT_KEEP
02307359,TRAIN_SOFT_KEEP
02307668,TRAIN_SOFT_KEEP
02309415,TRAIN_SOFT_KEEP
02309421,TRAIN_SOFT_KEEP
02310000,TRAIN_SOFT_KEEP
02310525,TRAIN_CORE
02312200,TRAIN_SOFT_KEEP
02312667,TRAIN_CORE
02320700,TRAIN_SOFT_KEEP
02321000,TRAIN_SOFT_KEEP
02322700,TRAIN_CORE
02324000,TRAIN_SOFT_KEEP
02325000,TRAIN_SOFT_KEEP
02326000,TRAIN_CORE
02327033,TRAIN_CORE
02327100,TRAIN_CORE
02329342,TRAIN_CORE
02329500,TRAIN_CORE
02329600,TRAIN_CORE
02330100,TRAIN_CORE
02330400,TRAIN_CORE
02330450,TRAIN_CORE
02331000,TRAIN_CORE
02331600,TRAIN_CORE
02333500,TRAIN_CORE
02334480,TRAIN_SOFT_KEEP
02334578,TRAIN_SOFT_KEEP
02334620,TRAIN_SOFT_KEEP
02334885,TRAIN_CORE
02335350,TRAIN_SOFT_KEEP
02335580,TRAIN_CORE
02335700,TRAIN_CORE
02335757,TRAIN_CORE
02335870,TRAIN_SOFT_KEEP
02335910,TRAIN_SOFT_KEEP
02336030,TRAIN_SOFT_KEEP
02336120,TRAIN_CORE
02336240,TRAIN_CORE
02336300,TRAIN_CORE
02336360,TRAIN_SOFT_KEEP
02336410,TRAIN_CORE
02336526,TRAIN_CORE
02336635,TRAIN_SOFT_KEEP
02336728,TRAIN_CORE
02336968,TRAIN_CORE
02337000,TRAIN_CORE
02337040,TRAIN_CORE
02337410,TRAIN_CORE
02337498,TRAIN_CORE
02337500,TRAIN_CORE
02338523,TRAIN_CORE
02338660,TRAIN_CORE
02339495,TRAIN_CORE
02341800,TRAIN_CORE
02342500,TRAIN_CORE
02342850,TRAIN_CORE
02343225,TRAIN_SOFT_KEEP
02343940,TRAIN_CORE
02344350,TRAIN_CORE
02344396,TRAIN_CORE
02344478,TRAIN_CORE
02344500,TRAIN_CORE
02344605,TRAIN_CORE
02344620,TRAIN_CORE
02344630,TRAIN_CORE
02344700,TRAIN_SOFT_KEEP
02346310,TRAIN_CORE
02349900,TRAIN_CORE
02350600,TRAIN_CORE
02351500,TRAIN_CORE
02351890,TRAIN_SOFT_KEEP
02353265,TRAIN_SOFT_KEEP
02353400,TRAIN_CORE
02354500,TRAIN_SOFT_KEEP
02359500,TRAIN_CORE
02365470,TRAIN_CORE
02365769,TRAIN_CORE
02366996,TRAIN_CORE
02367310,TRAIN_CORE
02368500,TRAIN_CORE
02369800,TRAIN_CORE
02370000,TRAIN_CORE
02370500,TRAIN_CORE
02374500,TRAIN_CORE
02374745,TRAIN_CORE
02374950,TRAIN_CORE
02376115,TRAIN_CORE
02376293,TRAIN_CORE
02376500,TRAIN_SOFT_KEEP
02377570,TRAIN_CORE
02378170,TRAIN_CORE
02378300,TRAIN_CORE
02378500,TRAIN_CORE
02379500,TRAIN_CORE
02380500,TRAIN_CORE
02381090,TRAIN_CORE
02381600,TRAIN_SOFT_KEEP
02382200,TRAIN_CORE
02384500,TRAIN_CORE
02384540,TRAIN_CORE
02385500,TRAIN_CORE
02387600,TRAIN_CORE
02388320,TRAIN_SOFT_KEEP
02388350,TRAIN_CORE
02388975,TRAIN_CORE
02389150,TRAIN_CORE
02390000,TRAIN_CORE
02390140,TRAIN_CORE
02391540,TRAIN_CORE
02391840,TRAIN_CORE
02392360,TRAIN_CORE
02392780,TRAIN_CORE
02392950,TRAIN_CORE
02392975,TRAIN_CORE
02393419,TRAIN_CORE
02395120,TRAIN_CORE
02397500,TRAIN_CORE
02398000,TRAIN_CORE
02398300,TRAIN_CORE
02399200,TRAIN_CORE
02400100,TRAIN_CORE
02400680,TRAIN_CORE
02401000,TRAIN_CORE
02401390,TRAIN_CORE
02403310,TRAIN_CORE
02405500,TRAIN_CORE
02406500,TRAIN_CORE
02407514,TRAIN_CORE
02408540,TRAIN_CORE
02411930,TRAIN_CORE
02413000,TRAIN_CORE
02413210,TRAIN_CORE
02415000,TRAIN_CORE
02418230,TRAIN_CORE
02418760,TRAIN_CORE
02419000,TRAIN_CORE
02421000,TRAIN_CORE
02422500,TRAIN_CORE
02423130,TRAIN_CORE
02423380,TRAIN_CORE
02423397,TRAIN_CORE
02423400,TRAIN_CORE
02423414,TRAIN_SOFT_KEEP
02423425,TRAIN_CORE
02423496,TRAIN_CORE
02423500,TRAIN_SOFT_KEEP
02423555,TRAIN_SOFT_KEEP
02423630,TRAIN_CORE
02427250,TRAIN_CORE
02430085,TRAIN_SOFT_KEEP
02430680,TRAIN_CORE
02435020,TRAIN_SOFT_KEEP
02438000,TRAIN_CORE
02442500,TRAIN_CORE
02449882,TRAIN_SOFT_KEEP
02450000,TRAIN_CORE
02450250,TRAIN_CORE
02450825,TRAIN_CORE
02453000,TRAIN_CORE
02455000,TRAIN_CORE
02455185,TRAIN_CORE
02455980,TRAIN_CORE
02456000,TRAIN_CORE
02457595,TRAIN_CORE
02458450,TRAIN_CORE
02458600,TRAIN_CORE
02461500,TRAIN_CORE
02462000,TRAIN_CORE
02464000,TRAIN_CORE
02465292,TRAIN_CORE
02465493,TRAIN_CORE
02469800,TRAIN_CORE
02470072,TRAIN_CORE
02471001,TRAIN_CORE
02471078,TRAIN_CORE
02472500,TRAIN_CORE
02472850,TRAIN_CORE
02475500,TRAIN_CORE
02476500,TRAIN_CORE
02476600,TRAIN_CORE
02479130,TRAIN_CORE
02479155,TRAIN_CORE
02479945,TRAIN_CORE
02479980,TRAIN_CORE
02480002,TRAIN_CORE
02481000,TRAIN_CORE
02481510,TRAIN_CORE
02483000,TRAIN_SOFT_KEEP
02484000,TRAIN_CORE
02492343,TRAIN_CORE
02492360,TRAIN_CORE
03007800,TRAIN_CORE
03010655,TRAIN_CORE
03011800,TRAIN_CORE
03015500,TRAIN_CORE
03017500,TRAIN_CORE
03020500,TRAIN_CORE
03021350,TRAIN_CORE
03021520,TRAIN_CORE
03022540,TRAIN_CORE
03022554,TRAIN_CORE
03026500,TRAIN_CORE
03027500,TRAIN_CORE
03028000,TRAIN_CORE
03028500,TRAIN_CORE
03034000,TRAIN_CORE
03034500,TRAIN_CORE
03036000,TRAIN_CORE
03038000,TRAIN_SOFT_KEEP
03039000,TRAIN_CORE
03042000,TRAIN_CORE
03042280,TRAIN_CORE
03042500,TRAIN_CORE
03045000,TRAIN_CORE
03047000,TRAIN_CORE
03049800,TRAIN_CORE
03050000,TRAIN_CORE
03052000,TRAIN_CORE
03052500,TRAIN_CORE
03053500,TRAIN_CORE
03056250,TRAIN_CORE
03058500,TRAIN_CORE
03061500,TRAIN_CORE
03062500,TRAIN_CORE
03065000,TRAIN_CORE
03066000,TRAIN_CORE
03067510,TRAIN_CORE
03068800,TRAIN_CORE
03070500,TRAIN_CORE
03072000,TRAIN_CORE
03073000,TRAIN_CORE
03074500,TRAIN_CORE
03075500,TRAIN_CORE
03076500,TRAIN_SOFT_KEEP
03076600,TRAIN_CORE
03078000,TRAIN_CORE
03079000,TRAIN_CORE
03080000,TRAIN_CORE
03085500,TRAIN_CORE
03090500,TRAIN_CORE
03091500,TRAIN_CORE
03092090,TRAIN_CORE
03092460,TRAIN_SOFT_KEEP
03093000,TRAIN_CORE
03095500,TRAIN_SOFT_KEEP
03102500,TRAIN_SOFT_KEEP
03106000,TRAIN_CORE
03108000,TRAIN_SOFT_KEEP
03110000,TRAIN_CORE
03110830,TRAIN_CORE
03111500,TRAIN_CORE
03111548,TRAIN_CORE
03112000,TRAIN_CORE
03113990,TRAIN_SOFT_KEEP
03115400,TRAIN_CORE
03116000,TRAIN_SOFT_KEEP
03116077,TRAIN_CORE
03117500,TRAIN_CORE
03118000,TRAIN_CORE
03118500,TRAIN_CORE
03120500,TRAIN_SOFT_KEEP
03124500,TRAIN_CORE
03126000,TRAIN_CORE
03127000,TRAIN_CORE
03127500,TRAIN_SOFT_KEEP
03128500,TRAIN_SOFT_KEEP
03136500,TRAIN_CORE
03140000,TRAIN_CORE
03141500,TRAIN_SOFT_KEEP
03141870,TRAIN_CORE
03144000,TRAIN_CORE
03144816,TRAIN_CORE
03145000,TRAIN_CORE
03145483,TRAIN_CORE
03149500,TRAIN_CORE
03151400,TRAIN_CORE
03154000,TRAIN_CORE
03157000,TRAIN_CORE
03159540,TRAIN_CORE
03161000,TRAIN_CORE
03165000,TRAIN_CORE
03167000,TRAIN_CORE
03170000,TRAIN_CORE
03173000,TRAIN_CORE
03175500,TRAIN_CORE
03177710,TRAIN_CORE
03180500,TRAIN_CORE
03185000,TRAIN_CORE
03186500,TRAIN_CORE
03187500,TRAIN_CORE
03190000,TRAIN_CORE
03191500,TRAIN_CORE
03194700,TRAIN_CORE
03198350,TRAIN_CORE
03199000,TRAIN_CORE
03201000,TRAIN_CORE
03202400,TRAIN_SOFT_KEEP
03202750,TRAIN_CORE
03204500,TRAIN_CORE
03205470,TRAIN_CORE
03206600,TRAIN_CORE
03207800,TRAIN_CORE
03207965,TRAIN_CORE
03208500,TRAIN_CORE
03208950,TRAIN_CORE
03209000,TRAIN_CORE
03210000,TRAIN_CORE
03212750,TRAIN_CORE
03212980,TRAIN_CORE
03217000,TRAIN_CORE
03220000,TRAIN_CORE
03223425,TRAIN_CORE
03228300,TRAIN_CORE
03228500,TRAIN_CORE
03228750,TRAIN_CORE
03228805,TRAIN_SOFT_KEEP
03237280,TRAIN_CORE
03238140,TRAIN_CORE
03238745,TRAIN_CORE
03238772,TRAIN_SOFT_KEEP
03241500,TRAIN_CORE
03248300,TRAIN_CORE
03250100,TRAIN_CORE
03250190,TRAIN_CORE
03251200,TRAIN_CORE
03254550,TRAIN_SOFT_KEEP
03260015,TRAIN_CORE
03260050,TRAIN_SOFT_KEEP
03260100,TRAIN_SOFT_KEEP
03262001,TRAIN_CORE
03272700,TRAIN_CORE
03277075,TRAIN_CORE
03277130,TRAIN_CORE
03277300,TRAIN_CORE
03281100,TRAIN_CORE
03282040,TRAIN_CORE
03282500,TRAIN_CORE
03283500,TRAIN_CORE
03285000,TRAIN_CORE
03287600,TRAIN_CORE
03288100,TRAIN_CORE
03289000,TRAIN_CORE
03289193,TRAIN_CORE
03289200,TRAIN_CORE
03289300,TRAIN_CORE
03291000,TRAIN_CORE
03292470,TRAIN_CORE
03292474,TRAIN_CORE
03292475,TRAIN_CORE
03292480,TRAIN_CORE
03292500,TRAIN_CORE
03293000,TRAIN_CORE
03293500,TRAIN_CORE
03293530,TRAIN_CORE
03295400,TRAIN_CORE
03295890,TRAIN_CORE
03297800,TRAIN_CORE
03297900,TRAIN_CORE
03298000,TRAIN_CORE
03298135,TRAIN_CORE
03298150,TRAIN_CORE
03298200,TRAIN_CORE
03298250,TRAIN_CORE
03298300,TRAIN_CORE
03298550,TRAIN_CORE
03301900,TRAIN_CORE
03302000,TRAIN_SOFT_KEEP
03302030,TRAIN_SOFT_KEEP
03302050,TRAIN_CORE
03303300,TRAIN_CORE
03305000,TRAIN_CORE
03307000,TRAIN_CORE
03310300,TRAIN_CORE
03310400,TRAIN_CORE
03313700,TRAIN_CORE
03318800,TRAIN_CORE
03320500,TRAIN_CORE
03329700,TRAIN_SOFT_KEEP
03330500,TRAIN_SOFT_KEEP
03333450,TRAIN_CORE
03333700,TRAIN_SOFT_KEEP
03334500,TRAIN_CORE
03336900,TRAIN_CORE
03337000,TRAIN_CORE
03337100,TRAIN_CORE
03339280,TRAIN_SOFT_KEEP
03342500,TRAIN_CORE
03343400,TRAIN_CORE
03347000,TRAIN_CORE
03348350,TRAIN_CORE
03349210,TRAIN_SOFT_KEEP
03349510,TRAIN_SOFT_KEEP
03350700,TRAIN_SOFT_KEEP
03351072,TRAIN_CORE
03351310,TRAIN_CORE
03351500,TRAIN_CORE
03352500,TRAIN_CORE
03352988,TRAIN_CORE
03353120,TRAIN_CORE
03353200,TRAIN_CORE
03353500,TRAIN_SOFT_KEEP
03353600,TRAIN_CORE
03353620,TRAIN_CORE
03353700,TRAIN_CORE
03353800,TRAIN_SOFT_KEEP
03357330,TRAIN_SOFT_KEEP
03357350,TRAIN_CORE
03358000,TRAIN_CORE
03361650,TRAIN_CORE
03361850,TRAIN_CORE
03362000,TRAIN_SOFT_KEEP
03363500,TRAIN_CORE
03364200,TRAIN_SOFT_KEEP
03364500,TRAIN_CORE
03366500,TRAIN_CORE
03378000,TRAIN_CORE
03378635,TRAIN_CORE
03382100,TRAIN_SOFT_KEEP
03383000,TRAIN_CORE
03384450,TRAIN_CORE
03400800,TRAIN_CORE
03401000,TRAIN_CORE
03403910,TRAIN_CORE
03404900,TRAIN_CORE
03408500,TRAIN_CORE
03409500,TRAIN_CORE
03413200,TRAIN_CORE
03415000,TRAIN_CORE
03416000,TRAIN_CORE
03418000,TRAIN_CORE
03424730,TRAIN_CORE
03426470,TRAIN_CORE
03427500,TRAIN_CORE
03428200,TRAIN_CORE
03431060,TRAIN_CORE
03431300,TRAIN_CORE
03431599,TRAIN_CORE
03431700,TRAIN_CORE
03432350,TRAIN_CORE
03432400,TRAIN_CORE
03436690,TRAIN_CORE
03439000,TRAIN_CORE
03441000,TRAIN_CORE
03443000,TRAIN_CORE
03446000,TRAIN_CORE
03450000,TRAIN_SOFT_KEEP
03451000,TRAIN_CORE
03453000,TRAIN_CORE
03455500,TRAIN_SOFT_KEEP
03456100,TRAIN_CORE
03456500,TRAIN_CORE
03456991,TRAIN_CORE
03459500,TRAIN_CORE
03460000,TRAIN_CORE
03463300,TRAIN_SOFT_KEEP
03466208,TRAIN_CORE
03470000,TRAIN_CORE
03471500,TRAIN_CORE
03473000,TRAIN_CORE
03474000,TRAIN_CORE
03475000,TRAIN_CORE
03478400,TRAIN_CORE
03479000,TRAIN_CORE
03488000,TRAIN_CORE
03491000,TRAIN_CORE
03491544,TRAIN_CORE
03497300,TRAIN_CORE
03498500,TRAIN_CORE
03498850,TRAIN_CORE
03500000,TRAIN_CORE
03504000,TRAIN_CORE
03505550,TRAIN_CORE
03508050,TRAIN_CORE
03510577,TRAIN_CORE
03512000,TRAIN_CORE
03518500,TRAIN_CORE
03529500,TRAIN_CORE
03531500,TRAIN_CORE
03535000,TRAIN_CORE
03535400,TRAIN_CORE
03539600,TRAIN_CORE
03539778,TRAIN_CORE
03543500,TRAIN_CORE
03544970,TRAIN_CORE
03550000,TRAIN_CORE
03550500,TRAIN_CORE
03558000,TRAIN_CORE
03559500,TRAIN_CORE
03565500,TRAIN_CORE
03566420,TRAIN_CORE
03568933,TRAIN_CORE
03572110,TRAIN_CORE
03572900,TRAIN_CORE
03574500,TRAIN_CORE
03575100,TRAIN_CORE
03576250,TRAIN_CORE
03576500,TRAIN_CORE
03578500,TRAIN_SOFT_KEEP
03586500,TRAIN_CORE
03588500,TRAIN_CORE
03591800,TRAIN_CORE
03592000,TRAIN_CORE
03593800,TRAIN_CORE
03596000,TRAIN_CORE
03597590,TRAIN_CORE
03602500,TRAIN_CORE
03605078,TRAIN_CORE
03606500,TRAIN_CORE
03610200,TRAIN_CORE
03611260,TRAIN_SOFT_KEEP
03612000,TRAIN_CORE
04025500,TRAIN_SOFT_KEEP
04027500,TRAIN_SOFT_KEEP
04031000,TRAIN_CORE
04036000,TRAIN_SOFT_KEEP
04037500,TRAIN_SOFT_KEEP
04041500,TRAIN_CORE
04043238,TRAIN_SOFT_KEEP
04043244,TRAIN_SOFT_KEEP
04044724,TRAIN_CORE
04046000,TRAIN_SOFT_KEEP
04058100,TRAIN_CORE
04060500,TRAIN_CORE
04060993,TRAIN_SOFT_KEEP
04063700,TRAIN_CORE
04073462,TRAIN_SOFT_KEEP
04073468,TRAIN_SOFT_KEEP
04073473,TRAIN_SOFT_KEEP
04078500,TRAIN_SOFT_KEEP
04085200,TRAIN_CORE
04086500,TRAIN_CORE
04087050,TRAIN_CORE
04087088,TRAIN_CORE
04087120,TRAIN_CORE
04087159,TRAIN_SOFT_KEEP
04087204,TRAIN_SOFT_KEEP
04087214,TRAIN_CORE
04087220,TRAIN_CORE
04087240,TRAIN_CORE
04087257,TRAIN_SOFT_KEEP
04093000,TRAIN_SOFT_KEEP
04094000,TRAIN_SOFT_KEEP
04095300,TRAIN_SOFT_KEEP
04096015,TRAIN_SOFT_KEEP
04096405,TRAIN_CORE
04096515,TRAIN_CORE
04097540,TRAIN_CORE
04099510,TRAIN_SOFT_KEEP
04100222,TRAIN_CORE
04101370,TRAIN_SOFT_KEEP
04101800,TRAIN_CORE
04102500,TRAIN_SOFT_KEEP
04102700,TRAIN_CORE
04104945,TRAIN_CORE
04105000,TRAIN_CORE
04105700,TRAIN_CORE
04106320,TRAIN_SOFT_KEEP
04106400,TRAIN_CORE
04108600,TRAIN_SOFT_KEEP
04108800,TRAIN_CORE
04109000,TRAIN_CORE
04111379,TRAIN_CORE
04112500,TRAIN_SOFT_KEEP
04114498,TRAIN_CORE
04115265,TRAIN_SOFT_KEEP
04118500,TRAIN_CORE
04121300,TRAIN_SOFT_KEEP
04121944,TRAIN_SOFT_KEEP
04122100,TRAIN_SOFT_KEEP
04125460,TRAIN_CORE
04126740,TRAIN_SOFT_KEEP
04126970,TRAIN_SOFT_KEEP
04127800,TRAIN_CORE
04127997,TRAIN_CORE
04128990,TRAIN_CORE
04142000,TRAIN_SOFT_KEEP
04146000,TRAIN_SOFT_KEEP
04146063,TRAIN_CORE
04148140,TRAIN_CORE
04150500,TRAIN_CORE
04152238,TRAIN_CORE
04153500,TRAIN_CORE
04159900,TRAIN_CORE
04160600,TRAIN_CORE
04161000,TRAIN_SOFT_KEEP
04161820,TRAIN_SOFT_KEEP
04163400,TRAIN_CORE
04164100,TRAIN_CORE
04164300,TRAIN_CORE
04164500,TRAIN_CORE
04166500,TRAIN_SOFT_KEEP
04167000,TRAIN_SOFT_KEEP
04168580,TRAIN_CORE
04173500,TRAIN_CORE
04174518,TRAIN_SOFT_KEEP
04179520,TRAIN_SOFT_KEEP
04180000,TRAIN_SOFT_KEEP
04184500,TRAIN_CORE
04185440,TRAIN_CORE
04186500,TRAIN_CORE
04188337,TRAIN_CORE
04188400,TRAIN_CORE
04188433,TRAIN_CORE
04188496,TRAIN_SOFT_KEEP
04189000,TRAIN_SOFT_KEEP
04196000,TRAIN_CORE
04196500,TRAIN_CORE
04196800,TRAIN_CORE
04197100,TRAIN_CORE
04199000,TRAIN_CORE
04199155,TRAIN_SOFT_KEEP
04199500,TRAIN_CORE
04201500,TRAIN_CORE
04202000,TRAIN_CORE
04207200,TRAIN_CORE
04208460,TRAIN_CORE
04209000,TRAIN_CORE
04213000,TRAIN_CORE
04213075,TRAIN_SOFT_KEEP
04214500,TRAIN_CORE
04215000,TRAIN_CORE
04215500,TRAIN_CORE
04216418,TRAIN_CORE
04217000,TRAIN_CORE
04218000,TRAIN_SOFT_KEEP
04218518,TRAIN_CORE
04221000,TRAIN_CORE
04224775,TRAIN_CORE
04227000,TRAIN_CORE
04227995,TRAIN_SOFT_KEEP
04229500,TRAIN_CORE
04230380,TRAIN_CORE
04230500,TRAIN_CORE
04231000,TRAIN_CORE
04232034,TRAIN_CORE
04232050,TRAIN_CORE
04232482,TRAIN_SOFT_KEEP
04233300,TRAIN_CORE
04235250,TRAIN_CORE
04239000,TRAIN_CORE
04240010,TRAIN_CORE
04242500,TRAIN_CORE
04243500,TRAIN_CORE
04250200,TRAIN_CORE
04250750,TRAIN_SOFT_KEEP
04252500,TRAIN_CORE
04256000,TRAIN_CORE
04262000,TRAIN_SOFT_KEEP
04262500,TRAIN_CORE
04268800,TRAIN_CORE
04270200,TRAIN_CORE
04271500,TRAIN_CORE
04271815,TRAIN_SOFT_KEEP
04273700,TRAIN_SOFT_KEEP
04273800,TRAIN_SOFT_KEEP
04275000,TRAIN_CORE
04276500,TRAIN_CORE
04280000,TRAIN_CORE
04280450,TRAIN_CORE
04282000,TRAIN_CORE
04282525,TRAIN_CORE
04282650,TRAIN_CORE
04282780,TRAIN_CORE
04282795,TRAIN_CORE
04285500,TRAIN_CORE
04287000,TRAIN_CORE
04288225,TRAIN_CORE
04288230,TRAIN_CORE
04289000,TRAIN_CORE
04292000,TRAIN_CORE
04292810,TRAIN_CORE
04296000,TRAIN_CORE
04296500,TRAIN_SOFT_KEEP
05014500,TRAIN_CORE
05017500,TRAIN_SOFT_KEEP
05124480,TRAIN_SOFT_KEEP
05287890,TRAIN_CORE
05288705,TRAIN_SOFT_KEEP
05331833,TRAIN_SOFT_KEEP
05342000,TRAIN_CORE
05345000,TRAIN_CORE
05357335,TRAIN_SOFT_KEEP
05370000,TRAIN_CORE
05372995,TRAIN_CORE
05382255,TRAIN_SOFT_KEEP
05382257,TRAIN_SOFT_KEEP
05382267,TRAIN_CORE
05382325,TRAIN_CORE
05385500,TRAIN_CORE
05387440,TRAIN_CORE
05389000,TRAIN_CORE
05389400,TRAIN_SOFT_KEEP
05394500,TRAIN_CORE
05397500,TRAIN_SOFT_KEEP
05402000,TRAIN_CORE
05406500,TRAIN_CORE
05408000,TRAIN_CORE
05412400,TRAIN_CORE
05413500,TRAIN_CORE
05414820,TRAIN_CORE
05416900,TRAIN_CORE
05419000,TRAIN_CORE
05420680,TRAIN_SOFT_KEEP
05422600,TRAIN_CORE
05425912,TRAIN_SOFT_KEEP
05426067,TRAIN_CORE
05426250,TRAIN_SOFT_KEEP
05427948,TRAIN_SOFT_KEEP
05430150,TRAIN_SOFT_KEEP
05431016,TRAIN_CORE
05431486,TRAIN_CORE
05432500,TRAIN_CORE
05433000,TRAIN_CORE
05435943,TRAIN_CORE
05438283,TRAIN_CORE
05439000,TRAIN_CORE
05444000,TRAIN_CORE
05448000,TRAIN_CORE
05451700,TRAIN_CORE
05454000,TRAIN_CORE
05454090,TRAIN_CORE
05454220,TRAIN_CORE
05454300,TRAIN_CORE
05455100,TRAIN_CORE
05458000,TRAIN_CORE
05466000,TRAIN_CORE
05467000,TRAIN_CORE
05470500,TRAIN_CORE
05471200,TRAIN_CORE
05473450,TRAIN_CORE
05481950,TRAIN_SOFT_KEEP
05483450,TRAIN_CORE
05484800,TRAIN_CORE
05485605,TRAIN_CORE
05486000,TRAIN_CORE
05487980,TRAIN_CORE
05488200,TRAIN_CORE
05489000,TRAIN_CORE
05495500,TRAIN_CORE
05498700,TRAIN_CORE
05501000,TRAIN_CORE
05502000,TRAIN_CORE
05502300,TRAIN_CORE
05503800,TRAIN_CORE
05504800,TRAIN_CORE
05506100,TRAIN_CORE
05506350,TRAIN_CORE
05506800,TRAIN_CORE
05507600,TRAIN_CORE
05508805,TRAIN_CORE
05512500,TRAIN_CORE
05514840,TRAIN_CORE
05514860,TRAIN_CORE
05522500,TRAIN_SOFT_KEEP
05527800,TRAIN_CORE
05527950,TRAIN_SOFT_KEEP
05528000,TRAIN_CORE
05528500,TRAIN_CORE
05529000,TRAIN_SOFT_KEEP
05529500,TRAIN_CORE
05530000,TRAIN_CORE
05530990,TRAIN_SOFT_KEEP
05531300,TRAIN_SOFT_KEEP
05531500,TRAIN_SOFT_KEEP
05532000,TRAIN_CORE
05533000,TRAIN_CORE
05533400,TRAIN_CORE
05534500,TRAIN_CORE
05535000,TRAIN_SOFT_KEEP
05535070,TRAIN_CORE
05535500,TRAIN_CORE
05536000,TRAIN_CORE
05536215,TRAIN_SOFT_KEEP
05536235,TRAIN_CORE
05536255,TRAIN_CORE
05536275,TRAIN_SOFT_KEEP
05536340,TRAIN_CORE
05536500,TRAIN_CORE
05537500,TRAIN_CORE
05539000,TRAIN_CORE
05539900,TRAIN_CORE
05540060,TRAIN_CORE
05540095,TRAIN_CORE
05540130,TRAIN_CORE
05540160,TRAIN_CORE
05540195,TRAIN_CORE
05540250,TRAIN_CORE
05540275,TRAIN_CORE
05540500,TRAIN_CORE
05541710,TRAIN_CORE
05543830,TRAIN_CORE
05544200,TRAIN_CORE
05548280,TRAIN_CORE
05549000,TRAIN_SOFT_KEEP
05550300,TRAIN_SOFT_KEEP
05550500,TRAIN_CORE
05551200,TRAIN_SOFT_KEEP
05551330,TRAIN_CORE
05551675,TRAIN_CORE
05551700,TRAIN_CORE
05556500,TRAIN_CORE
05560500,TRAIN_SOFT_KEEP
05561500,TRAIN_SOFT_KEEP
05564400,TRAIN_CORE
05568800,TRAIN_CORE
05570910,TRAIN_SOFT_KEEP
05577500,TRAIN_CORE
05579500,TRAIN_CORE
05579725,TRAIN_CORE
05580000,TRAIN_CORE
05580950,TRAIN_CORE
05587900,TRAIN_CORE
05588000,TRAIN_CORE
05591550,TRAIN_CORE
05591700,TRAIN_SOFT_KEEP
05592575,TRAIN_CORE
05592800,TRAIN_CORE
05592900,TRAIN_CORE
05593575,TRAIN_CORE
05593900,TRAIN_CORE
05594450,TRAIN_CORE
05595200,TRAIN_CORE
05595730,TRAIN_CORE
05595820,TRAIN_CORE
06033000,TRAIN_SOFT_KEEP
06036805,TRAIN_SOFT_KEEP
06036905,TRAIN_SOFT_KEEP
06037100,TRAIN_CORE
06050000,TRAIN_CORE
06061500,TRAIN_CORE
06062500,TRAIN_CORE
06078500,TRAIN_CORE
06079000,TRAIN_CORE
06090500,TRAIN_SOFT_KEEP
06131200,TRAIN_CORE
06187915,TRAIN_SOFT_KEEP
06190540,TRAIN_CORE
06191000,TRAIN_CORE
06204050,TRAIN_CORE
06204070,TRAIN_CORE
06221400,TRAIN_CORE
06224000,TRAIN_CORE
06228350,TRAIN_CORE
06289000,TRAIN_CORE
06295113,TRAIN_CORE
06309200,TRAIN_CORE
06318500,TRAIN_CORE
06344600,TRAIN_CORE
06402000,TRAIN_CORE
06402430,TRAIN_CORE
06402500,TRAIN_CORE
06404000,TRAIN_CORE
06406000,TRAIN_CORE
06408700,TRAIN_CORE
06430770,TRAIN_CORE
06430800,TRAIN_CORE
06430850,TRAIN_CORE
06431500,TRAIN_CORE
06436190,TRAIN_CORE
06449000,TRAIN_CORE
06466400,TRAIN_SOFT_KEEP
06600100,TRAIN_CORE
06601000,TRAIN_CORE
06610795,TRAIN_SOFT_KEEP
06614800,TRAIN_CORE
06622700,TRAIN_CORE
06709000,TRAIN_CORE
06710150,TRAIN_SOFT_KEEP
06716100,TRAIN_CORE
06716500,TRAIN_CORE
06746110,TRAIN_SOFT_KEEP
06751150,TRAIN_SOFT_KEEP
06769000,TRAIN_SOFT_KEEP
06769525,TRAIN_SOFT_KEEP
06794650,TRAIN_CORE
06800000,TRAIN_CORE
06803000,TRAIN_CORE
06803080,TRAIN_CORE
06803170,TRAIN_CORE
06803486,TRAIN_CORE
06803510,TRAIN_CORE
06803520,TRAIN_CORE
06803530,TRAIN_CORE
06804000,TRAIN_CORE
06806500,TRAIN_CORE
06814000,TRAIN_CORE
06819185,TRAIN_CORE
06821080,TRAIN_CORE
06821150,TRAIN_SOFT_KEEP
06853800,TRAIN_CORE
06869950,TRAIN_CORE
06871500,TRAIN_CORE
06878000,TRAIN_CORE
06879650,TRAIN_SOFT_KEEP
06884200,TRAIN_CORE
06888000,TRAIN_CORE
06888500,TRAIN_CORE
06889160,TRAIN_CORE
06889200,TRAIN_CORE
06889500,TRAIN_CORE
06891260,TRAIN_CORE
06892360,TRAIN_SOFT_KEEP
06892495,TRAIN_CORE
06892513,TRAIN_CORE
06893080,TRAIN_CORE
06893100,TRAIN_SOFT_KEEP
06893150,TRAIN_SOFT_KEEP
06893300,TRAIN_CORE
06893390,TRAIN_CORE
06893500,TRAIN_SOFT_KEEP
06893557,TRAIN_SOFT_KEEP
06893578,TRAIN_SOFT_KEEP
06893620,TRAIN_CORE
06893970,TRAIN_SOFT_KEEP
06894200,TRAIN_CORE
06895000,TRAIN_CORE
06896000,TRAIN_CORE
06897000,TRAIN_CORE
06900050,TRAIN_CORE
06903400,TRAIN_CORE
06903700,TRAIN_CORE
06906000,TRAIN_CORE
06906150,TRAIN_CORE
06909500,TRAIN_CORE
06910230,TRAIN_CORE
06910800,TRAIN_CORE
06911000,TRAIN_SOFT_KEEP
06911490,TRAIN_CORE
06911900,TRAIN_CORE
06912500,TRAIN_CORE
06914000,TRAIN_CORE
06914950,TRAIN_CORE
06914990,TRAIN_CORE
06915000,TRAIN_SOFT_KEEP
06917000,TRAIN_CORE
06917630,TRAIN_SOFT_KEEP
06918440,TRAIN_CORE
06918460,TRAIN_CORE
06918493,TRAIN_SOFT_KEEP
06918740,TRAIN_CORE
06921070,TRAIN_CORE
06921200,TRAIN_CORE
06921590,TRAIN_CORE
06923250,TRAIN_SOFT_KEEP
06927000,TRAIN_CORE
06928300,TRAIN_CORE
06928420,TRAIN_SOFT_KEEP
06932000,TRAIN_CORE
06935755,TRAIN_SOFT_KEEP
06935770,TRAIN_SOFT_KEEP
06935830,TRAIN_SOFT_KEEP
06935850,TRAIN_CORE
06935890,TRAIN_CORE
06935955,TRAIN_CORE
06935980,TRAIN_SOFT_KEEP
06935997,TRAIN_CORE
06936475,TRAIN_SOFT_KEEP
07001910,TRAIN_SOFT_KEEP
07005000,TRAIN_CORE
07010022,TRAIN_SOFT_KEEP
07010030,TRAIN_SOFT_KEEP
07010035,TRAIN_CORE
07010055,TRAIN_CORE
07010061,TRAIN_SOFT_KEEP
07010070,TRAIN_SOFT_KEEP
07010075,TRAIN_CORE
07010082,TRAIN_SOFT_KEEP
07010086,TRAIN_CORE
07010090,TRAIN_SOFT_KEEP
07010094,TRAIN_CORE
07010097,TRAIN_SOFT_KEEP
07010180,TRAIN_CORE
07010208,TRAIN_SOFT_KEEP
07010350,TRAIN_CORE
07014000,TRAIN_CORE
07015720,TRAIN_CORE
07017200,TRAIN_CORE
07019072,TRAIN_SOFT_KEEP
07019090,TRAIN_CORE
07019120,TRAIN_SOFT_KEEP
07019150,TRAIN_CORE
07019175,TRAIN_CORE
07019195,TRAIN_SOFT_KEEP
07019220,TRAIN_SOFT_KEEP
07019317,TRAIN_SOFT_KEEP
07020550,TRAIN_CORE
07024000,TRAIN_CORE
07024200,TRAIN_CORE
07024500,TRAIN_CORE
07025400,TRAIN_CORE
07028960,TRAIN_CORE
07029270,TRAIN_CORE
07030240,TRAIN_CORE
07030392,TRAIN_CORE
07031692,TRAIN_CORE
07032200,TRAIN_CORE
07035000,TRAIN_CORE
07037300,TRAIN_CORE
07048550,TRAIN_CORE
07049000,TRAIN_CORE
07050152,TRAIN_CORE
07050690,TRAIN_CORE
07050700,TRAIN_CORE
07052000,TRAIN_CORE
07052100,TRAIN_SOFT_KEEP
07052120,TRAIN_SOFT_KEEP
07052152,TRAIN_CORE
07052345,TRAIN_CORE
07052820,TRAIN_CORE
07053250,TRAIN_CORE
07053810,TRAIN_CORE
07054080,TRAIN_CORE
07055646,TRAIN_CORE
07055875,TRAIN_CORE
07056515,TRAIN_CORE
07060710,TRAIN_CORE
07061270,TRAIN_CORE
07061290,TRAIN_CORE
07061900,TRAIN_CORE
07064440,TRAIN_CORE
07064533,TRAIN_CORE
07065200,TRAIN_CORE
07065495,TRAIN_CORE
07068510,TRAIN_CORE
07075000,TRAIN_CORE
07075300,TRAIN_SOFT_KEEP
07079300,TRAIN_CORE
07096250,TRAIN_CORE
07103700,TRAIN_SOFT_KEEP
07103780,TRAIN_CORE
07103797,TRAIN_SOFT_KEEP
07103800,TRAIN_CORE
07103980,TRAIN_SOFT_KEEP
07103990,TRAIN_SOFT_KEEP
07105000,TRAIN_SOFT_KEEP
07105490,TRAIN_SOFT_KEEP
07105600,TRAIN_CORE
07105900,TRAIN_SOFT_KEEP
07144480,TRAIN_CORE
07144910,TRAIN_CORE
07145700,TRAIN_CORE
07159750,TRAIN_SOFT_KEEP
07160350,TRAIN_CORE
07164600,TRAIN_SOFT_KEEP
07165562,TRAIN_CORE
07165565,TRAIN_CORE
07167500,TRAIN_CORE
07169800,TRAIN_CORE
07176500,TRAIN_SOFT_KEEP
07177800,TRAIN_SOFT_KEEP
07179500,TRAIN_CORE
07180500,TRAIN_CORE
07184000,TRAIN_CORE
07185090,TRAIN_CORE
07185095,TRAIN_CORE
07185700,TRAIN_CORE
07188653,TRAIN_CORE
07188838,TRAIN_SOFT_KEEP
07188885,TRAIN_CORE
07189100,TRAIN_CORE
07189540,TRAIN_CORE
07189542,TRAIN_CORE
07191160,TRAIN_CORE
07191179,TRAIN_CORE
07191220,TRAIN_CORE
07191222,TRAIN_CORE
07191288,TRAIN_CORE
07194800,TRAIN_CORE
07195000,TRAIN_CORE
07195800,TRAIN_SOFT_KEEP
07195865,TRAIN_SOFT_KEEP
07196000,TRAIN_SOFT_KEEP
07196900,TRAIN_CORE
07197000,TRAIN_CORE
07197360,TRAIN_CORE
07206000,TRAIN_CORE
07207500,TRAIN_CORE
07208500,TRAIN_CORE
07215500,TRAIN_CORE
07218000,TRAIN_CORE
07229300,TRAIN_CORE
07247000,TRAIN_CORE
07247015,TRAIN_CORE
07247250,TRAIN_CORE
07247500,TRAIN_CORE
07249400,TRAIN_CORE
07249800,TRAIN_CORE
07249920,TRAIN_CORE
07250935,TRAIN_SOFT_KEEP
07250965,TRAIN_SOFT_KEEP
07252000,TRAIN_CORE
07257006,TRAIN_CORE
07257500,TRAIN_CORE
07258500,TRAIN_CORE
07261000,TRAIN_CORE
07263295,TRAIN_CORE
07263296,TRAIN_SOFT_KEEP
07264000,TRAIN_SOFT_KEEP
07274000,TRAIN_SOFT_KEEP
07283000,TRAIN_CORE
07291000,TRAIN_CORE
07295000,TRAIN_CORE
07299670,TRAIN_CORE
07299890,TRAIN_CORE
07301410,TRAIN_SOFT_KEEP
07315200,TRAIN_SOFT_KEEP
07325800,TRAIN_CORE
07325840,TRAIN_CORE
07325850,TRAIN_SOFT_KEEP
07325860,TRAIN_CORE
07326000,TRAIN_CORE
07327442,TRAIN_CORE
07327447,TRAIN_CORE
07327550,TRAIN_CORE
07328180,TRAIN_CORE
07329780,TRAIN_CORE
07329852,TRAIN_CORE
07331200,TRAIN_CORE
07331295,TRAIN_CORE
07331300,TRAIN_CORE
07332390,TRAIN_CORE
07335700,TRAIN_CORE
07337900,TRAIN_CORE
07338750,TRAIN_CORE
07340300,TRAIN_CORE
07341200,TRAIN_CORE
07342480,TRAIN_CORE
07343000,TRAIN_CORE
07344450,TRAIN_CORE
07346045,TRAIN_SOFT_KEEP
07351500,TRAIN_CORE
07352000,TRAIN_CORE
07359610,TRAIN_CORE
07360200,TRAIN_CORE
07361500,TRAIN_CORE
07362100,TRAIN_CORE
07362587,TRAIN_SOFT_KEEP
07363400,TRAIN_CORE
07366200,TRAIN_SOFT_KEEP
07369500,TRAIN_SOFT_KEEP
07373000,TRAIN_CORE
07375000,TRAIN_SOFT_KEEP
07375280,TRAIN_CORE
07375800,TRAIN_CORE
07375960,TRAIN_CORE
07376000,TRAIN_CORE
07376500,TRAIN_CORE
07378000,TRAIN_CORE
07382000,TRAIN_CORE
07385700,TRAIN_CORE
08010000,TRAIN_CORE
08014800,TRAIN_CORE
08017200,TRAIN_CORE
08017300,TRAIN_CORE
08019500,TRAIN_CORE
08023080,TRAIN_CORE
08023200,TRAIN_CORE
08023400,TRAIN_CORE
08025500,TRAIN_CORE
08028000,TRAIN_CORE
08029500,TRAIN_CORE
08031000,TRAIN_CORE
08033900,TRAIN_CORE
08034500,TRAIN_SOFT_KEEP
08037050,TRAIN_CORE
08041700,TRAIN_SOFT_KEEP
08044000,TRAIN_SOFT_KEEP
08044800,TRAIN_SOFT_KEEP
08047050,TRAIN_CORE
08048970,TRAIN_CORE
08049580,TRAIN_SOFT_KEEP
08049700,TRAIN_CORE
08050400,TRAIN_CORE
08050800,TRAIN_CORE
08050840,TRAIN_SOFT_KEEP
08051500,TRAIN_CORE
08052700,TRAIN_CORE
08052745,TRAIN_CORE
08052780,TRAIN_CORE
08053009,TRAIN_SOFT_KEEP
08057200,TRAIN_CORE
08059000,TRAIN_CORE
08059350,TRAIN_CORE
08059400,TRAIN_CORE
08061540,TRAIN_CORE
08062800,TRAIN_CORE
08062895,TRAIN_CORE
08063100,TRAIN_CORE
08064700,TRAIN_CORE
08065200,TRAIN_CORE
08065800,TRAIN_CORE
08066200,TRAIN_CORE
08066300,TRAIN_CORE
08067500,TRAIN_SOFT_KEEP
08068275,TRAIN_CORE
08068325,TRAIN_CORE
08068390,TRAIN_CORE
08068400,TRAIN_SOFT_KEEP
08068450,TRAIN_SOFT_KEEP
08068720,TRAIN_SOFT_KEEP
08068740,TRAIN_SOFT_KEEP
08068780,TRAIN_CORE
08068800,TRAIN_SOFT_KEEP
08070000,TRAIN_CORE
08070200,TRAIN_CORE
08070500,TRAIN_CORE
08071000,TRAIN_CORE
08072300,TRAIN_SOFT_KEEP
08072730,TRAIN_SOFT_KEEP
08075730,TRAIN_SOFT_KEEP
08075763,TRAIN_CORE
08076997,TRAIN_SOFT_KEEP
08078000,TRAIN_SOFT_KEEP
08082700,TRAIN_SOFT_KEEP
08083100,TRAIN_CORE
08086050,TRAIN_SOFT_KEEP
08092000,TRAIN_SOFT_KEEP
08094800,TRAIN_CORE
08095300,TRAIN_CORE
08095400,TRAIN_CORE
08099300,TRAIN_SOFT_KEEP
08103900,TRAIN_SOFT_KEEP
08104700,TRAIN_CORE
08104900,TRAIN_CORE
08105095,TRAIN_CORE
08109700,TRAIN_CORE
08109800,TRAIN_CORE
08110100,TRAIN_CORE
08110325,TRAIN_CORE
08110430,TRAIN_CORE
08111700,TRAIN_CORE
08115000,TRAIN_CORE
08116400,TRAIN_CORE
08120500,TRAIN_CORE
08150800,TRAIN_CORE
08152000,TRAIN_CORE
08152900,TRAIN_CORE
08154700,TRAIN_SOFT_KEEP
08155240,TRAIN_CORE
08155300,TRAIN_SOFT_KEEP
08155400,TRAIN_CORE
08155541,TRAIN_SOFT_KEEP
08158035,TRAIN_SOFT_KEEP
08158200,TRAIN_CORE
08158380,TRAIN_SOFT_KEEP
08158600,TRAIN_CORE
08158700,TRAIN_CORE
08158810,TRAIN_CORE
08158827,TRAIN_CORE
08158840,TRAIN_SOFT_KEEP
08158860,TRAIN_SOFT_KEEP
08158930,TRAIN_SOFT_KEEP
08158970,TRAIN_CORE
08159000,TRAIN_CORE
08160800,TRAIN_CORE
08162600,TRAIN_SOFT_KEEP
08163500,TRAIN_SOFT_KEEP
08164300,TRAIN_CORE
08164450,TRAIN_SOFT_KEEP
08164503,TRAIN_SOFT_KEEP
08164504,TRAIN_CORE
08164600,TRAIN_CORE
08164800,TRAIN_CORE
08165300,TRAIN_CORE
08165500,TRAIN_CORE
08166000,TRAIN_CORE
08168797,TRAIN_SOFT_KEEP
08169000,TRAIN_CORE
08170500,TRAIN_CORE
08171000,TRAIN_CORE
08172400,TRAIN_CORE
08173000,TRAIN_CORE
08176900,TRAIN_SOFT_KEEP
08177300,TRAIN_SOFT_KEEP
08177700,TRAIN_SOFT_KEEP
08178000,TRAIN_CORE
08178800,TRAIN_SOFT_KEEP
08178880,TRAIN_CORE
08181400,TRAIN_SOFT_KEEP
08181480,TRAIN_CORE
08183900,TRAIN_CORE
08185065,TRAIN_CORE
08185100,TRAIN_CORE
08189700,TRAIN_CORE
08196000,TRAIN_CORE
08198500,TRAIN_CORE
08200000,TRAIN_CORE
08201500,TRAIN_SOFT_KEEP
08255500,TRAIN_SOFT_KEEP
08265000,TRAIN_CORE
08266820,TRAIN_CORE
08267500,TRAIN_CORE
08269000,TRAIN_CORE
08271000,TRAIN_CORE
08275500,TRAIN_CORE
08276300,TRAIN_CORE
08277470,TRAIN_CORE
08279000,TRAIN_CORE
08294210,TRAIN_CORE
08315480,TRAIN_CORE
08316000,TRAIN_CORE
08317200,TRAIN_CORE
08329840,TRAIN_SOFT_KEEP
08377900,TRAIN_CORE
08378500,TRAIN_SOFT_KEEP
08380500,TRAIN_SOFT_KEEP
08387000,TRAIN_CORE
08405500,TRAIN_CORE
08477110,TRAIN_CORE
08481500,TRAIN_CORE
09021000,TRAIN_CORE
09022000,TRAIN_SOFT_KEEP
09024000,TRAIN_SOFT_KEEP
09025000,TRAIN_SOFT_KEEP
09025300,TRAIN_CORE
09026500,TRAIN_CORE
09032000,TRAIN_SOFT_KEEP
09032100,TRAIN_CORE
09034900,TRAIN_CORE
09035500,TRAIN_SOFT_KEEP
09036000,TRAIN_CORE
09038500,TRAIN_CORE
09041400,TRAIN_CORE
09046490,TRAIN_CORE
09046600,TRAIN_CORE
09047700,TRAIN_CORE
09050100,TRAIN_SOFT_KEEP
09050700,TRAIN_SOFT_KEEP
09051050,TRAIN_CORE
09065500,TRAIN_CORE
09066200,TRAIN_CORE
09066300,TRAIN_CORE
09066325,TRAIN_CORE
09066510,TRAIN_SOFT_KEEP
09067200,TRAIN_SOFT_KEEP
09073300,TRAIN_CORE
09073400,TRAIN_CORE
09080400,TRAIN_CORE
09081600,TRAIN_CORE
09109000,TRAIN_CORE
09112200,TRAIN_CORE
09143500,TRAIN_CORE
09146020,TRAIN_CORE
09146200,TRAIN_CORE
09147000,TRAIN_CORE
09147025,TRAIN_CORE
09172500,TRAIN_SOFT_KEEP
09183500,TRAIN_CORE
09183600,TRAIN_CORE
09196500,TRAIN_SOFT_KEEP
09220000,TRAIN_SOFT_KEEP
09237500,TRAIN_SOFT_KEEP
09261700,TRAIN_SOFT_KEEP
09266500,TRAIN_CORE
09277500,TRAIN_CORE
09279000,TRAIN_CORE
09288000,TRAIN_CORE
09291000,TRAIN_CORE
09292000,TRAIN_SOFT_KEEP
09296800,TRAIN_CORE
09306242,TRAIN_CORE
09306255,TRAIN_CORE
09310700,TRAIN_SOFT_KEEP
09329050,TRAIN_SOFT_KEEP
09342500,TRAIN_CORE
09353800,TRAIN_CORE
09358550,TRAIN_CORE
09367000,TRAIN_SOFT_KEEP
09371492,TRAIN_SOFT_KEEP
09371520,TRAIN_SOFT_KEEP
09372000,TRAIN_SOFT_KEEP
09383400,TRAIN_CORE
09386900,TRAIN_CORE
09390500,TRAIN_CORE
09397500,TRAIN_SOFT_KEEP
09399400,TRAIN_SOFT_KEEP
09403600,TRAIN_CORE
09404208,TRAIN_CORE
09404222,TRAIN_CORE
09404343,TRAIN_SOFT_KEEP
09404450,TRAIN_CORE
09404900,TRAIN_SOFT_KEEP
09405500,TRAIN_CORE
09408000,TRAIN_SOFT_KEEP
09408400,TRAIN_CORE
09409100,TRAIN_CORE
09410100,TRAIN_CORE
09413900,TRAIN_CORE
09419696,TRAIN_CORE
09423350,TRAIN_SOFT_KEEP
09430600,TRAIN_CORE
09447800,TRAIN_CORE
09470700,TRAIN_SOFT_KEEP
09470750,TRAIN_CORE
09470800,TRAIN_CORE
09471310,TRAIN_CORE
09471380,TRAIN_CORE
09471400,TRAIN_SOFT_KEEP
09478500,TRAIN_CORE
09484000,TRAIN_CORE
09484500,TRAIN_SOFT_KEEP
09484550,TRAIN_CORE
09484580,TRAIN_SOFT_KEEP
09485000,TRAIN_SOFT_KEEP
09492400,TRAIN_CORE
09497800,TRAIN_CORE
09497980,TRAIN_CORE
09498501,TRAIN_CORE
09498503,TRAIN_SOFT_KEEP
09502800,TRAIN_SOFT_KEEP
09502960,TRAIN_CORE
09503000,TRAIN_CORE
09503300,TRAIN_SOFT_KEEP
09504420,TRAIN_CORE
09504500,TRAIN_CORE
09505200,TRAIN_CORE
09505350,TRAIN_SOFT_KEEP
09505800,TRAIN_CORE
09507980,TRAIN_CORE
09508300,TRAIN_CORE
09510200,TRAIN_SOFT_KEEP
09512280,TRAIN_SOFT_KEEP
09512450,TRAIN_CORE
09513780,TRAIN_SOFT_KEEP
10105900,TRAIN_CORE
10109000,TRAIN_CORE
10109001,TRAIN_CORE
10113500,TRAIN_CORE
10129300,TRAIN_CORE
10129500,TRAIN_SOFT_KEEP
10131000,TRAIN_CORE
10132500,TRAIN_CORE
10133600,TRAIN_CORE
10133650,TRAIN_SOFT_KEEP
10133800,TRAIN_CORE
10133980,TRAIN_CORE
10134500,TRAIN_CORE
10137500,TRAIN_CORE
10140100,TRAIN_SOFT_KEEP
10142000,TRAIN_CORE
10146000,TRAIN_CORE
10146400,TRAIN_CORE
10149000,TRAIN_CORE
10149400,TRAIN_CORE
10153100,TRAIN_CORE
10154200,TRAIN_CORE
10155000,TRAIN_CORE
10155200,TRAIN_SOFT_KEEP
10156000,TRAIN_SOFT_KEEP
10164500,TRAIN_SOFT_KEEP
10166430,TRAIN_CORE
10168000,TRAIN_SOFT_KEEP
10172200,TRAIN_CORE
10172700,TRAIN_CORE
10172800,TRAIN_CORE
10172870,TRAIN_CORE
10172952,TRAIN_CORE
10173450,TRAIN_CORE
10174500,TRAIN_SOFT_KEEP
10194200,TRAIN_CORE
10215900,TRAIN_CORE
10234500,TRAIN_CORE
10242000,TRAIN_CORE
10243260,TRAIN_CORE
10243700,TRAIN_CORE
10244950,TRAIN_CORE
10246846,TRAIN_CORE
10249280,TRAIN_CORE
10249300,TRAIN_SOFT_KEEP
10256500,TRAIN_CORE
10257500,TRAIN_CORE
10257548,TRAIN_CORE
10257720,TRAIN_SOFT_KEEP
10258000,TRAIN_CORE
10258500,TRAIN_SOFT_KEEP
10259000,TRAIN_CORE
10259200,TRAIN_SOFT_KEEP
10260500,TRAIN_SOFT_KEEP
10260950,TRAIN_CORE
10265150,TRAIN_CORE
10289000,TRAIN_CORE
10289500,TRAIN_CORE
10290500,TRAIN_CORE
10291500,TRAIN_CORE
10293000,TRAIN_SOFT_KEEP
10296000,TRAIN_CORE
10296500,TRAIN_CORE
10308200,TRAIN_CORE
10308783,TRAIN_CORE
10308789,TRAIN_CORE
10308794,TRAIN_CORE
10309000,TRAIN_CORE
10310000,TRAIN_CORE
10310500,TRAIN_CORE
10311100,TRAIN_CORE
10311200,TRAIN_CORE
10311300,TRAIN_SOFT_KEEP
10316500,TRAIN_CORE
10321590,TRAIN_CORE
10321940,TRAIN_SOFT_KEEP
10321950,TRAIN_SOFT_KEEP
10322000,TRAIN_SOFT_KEEP
10322150,TRAIN_CORE
10329500,TRAIN_CORE
103366092,TRAIN_CORE
10336610,TRAIN_CORE
10336645,TRAIN_SOFT_KEEP
10336660,TRAIN_SOFT_KEEP
10336676,TRAIN_SOFT_KEEP
10336698,TRAIN_SOFT_KEEP
10336730,TRAIN_SOFT_KEEP
10336780,TRAIN_CORE
10338500,TRAIN_SOFT_KEEP
10338700,TRAIN_SOFT_KEEP
10340500,TRAIN_SOFT_KEEP
10343000,TRAIN_SOFT_KEEP
10343500,TRAIN_SOFT_KEEP
10348850,TRAIN_CORE
10349300,TRAIN_SOFT_KEEP
10349849,TRAIN_CORE
10352500,TRAIN_CORE
10396000,TRAIN_CORE
11014000,TRAIN_CORE
11015000,TRAIN_CORE
11022200,TRAIN_SOFT_KEEP
11022480,TRAIN_SOFT_KEEP
11023340,TRAIN_CORE
11025500,TRAIN_SOFT_KEEP
11028500,TRAIN_CORE
11042400,TRAIN_CORE
11044250,TRAIN_SOFT_KEEP
11044350,TRAIN_SOFT_KEEP
11044800,TRAIN_SOFT_KEEP
11045300,TRAIN_SOFT_KEEP
11046300,TRAIN_CORE
11046360,TRAIN_SOFT_KEEP
11046530,TRAIN_CORE
11047300,TRAIN_SOFT_KEEP
11048600,TRAIN_SOFT_KEEP
11051499,TRAIN_SOFT_KEEP
11055500,TRAIN_SOFT_KEEP
11055800,TRAIN_SOFT_KEEP
11057500,TRAIN_SOFT_KEEP
11058500,TRAIN_CORE
11058600,TRAIN_CORE
11060400,TRAIN_CORE
11063510,TRAIN_CORE
11063680,TRAIN_SOFT_KEEP
11065000,TRAIN_SOFT_KEEP
11069500,TRAIN_CORE
11073300,TRAIN_SOFT_KEEP
11073495,TRAIN_SOFT_KEEP
11075720,TRAIN_SOFT_KEEP
11085000,TRAIN_SOFT_KEEP
11088500,TRAIN_CORE
11089500,TRAIN_SOFT_KEEP
11092450,TRAIN_SOFT_KEEP
11097000,TRAIN_CORE
11098000,TRAIN_CORE
11109600,TRAIN_CORE
11111500,TRAIN_CORE
11113000,TRAIN_CORE
11113500,TRAIN_CORE
11114495,TRAIN_CORE
11118500,TRAIN_CORE
11119500,TRAIN_CORE
11119940,TRAIN_SOFT_KEEP
11120000,TRAIN_SOFT_KEEP
11120500,TRAIN_CORE
11120520,TRAIN_CORE
11123000,TRAIN_CORE
11123500,TRAIN_CORE
11124500,TRAIN_CORE
11129800,TRAIN_SOFT_KEEP
11132500,TRAIN_CORE
11135800,TRAIN_SOFT_KEEP
11137900,TRAIN_CORE
11141050,TRAIN_CORE
11141280,TRAIN_SOFT_KEEP
11143000,TRAIN_CORE
11143200,TRAIN_CORE
11143250,TRAIN_CORE
11147070,TRAIN_CORE
11148900,TRAIN_CORE
11149400,TRAIN_SOFT_KEEP
11149900,TRAIN_CORE
11151300,TRAIN_CORE
11152000,TRAIN_CORE
11153000,TRAIN_CORE
11153650,TRAIN_CORE
11156500,TRAIN_CORE
11159200,TRAIN_CORE
11160000,TRAIN_CORE
11160500,TRAIN_CORE
11161000,TRAIN_CORE
11162500,TRAIN_CORE
11162570,TRAIN_CORE
11162620,TRAIN_CORE
11162630,TRAIN_CORE
11164500,TRAIN_CORE
11169025,TRAIN_SOFT_KEEP
11169500,TRAIN_CORE
11169800,TRAIN_CORE
11170000,TRAIN_CORE
11172175,TRAIN_CORE
11172945,TRAIN_CORE
11173200,TRAIN_SOFT_KEEP
11173500,TRAIN_SOFT_KEEP
11173510,TRAIN_SOFT_KEEP
11173575,TRAIN_SOFT_KEEP
11174000,TRAIN_SOFT_KEEP
11176400,TRAIN_CORE
11176500,TRAIN_CORE
11180825,TRAIN_CORE
11180900,TRAIN_CORE
11180960,TRAIN_CORE
11181000,TRAIN_CORE
11181008,TRAIN_SOFT_KEEP
11181040,TRAIN_CORE
11182500,TRAIN_CORE
11200800,TRAIN_CORE
11203580,TRAIN_CORE
11204100,TRAIN_CORE
11224500,TRAIN_CORE
11253310,TRAIN_CORE
11264500,TRAIN_CORE
11266500,TRAIN_CORE
11274500,TRAIN_SOFT_KEEP
11274630,TRAIN_CORE
11274790,TRAIN_CORE
11277300,TRAIN_CORE
11278000,TRAIN_CORE
11278300,TRAIN_CORE
11278400,TRAIN_CORE
11284400,TRAIN_CORE
11345500,TRAIN_SOFT_KEEP
11372000,TRAIN_CORE
11376550,TRAIN_CORE
11379500,TRAIN_CORE
11381500,TRAIN_CORE
11383500,TRAIN_CORE
11390000,TRAIN_CORE
11402000,TRAIN_CORE
11413000,TRAIN_CORE
11427000,TRAIN_SOFT_KEEP
11447360,TRAIN_SOFT_KEEP
11449500,TRAIN_CORE
11451300,TRAIN_CORE
11453500,TRAIN_CORE
11456000,TRAIN_CORE
11458000,TRAIN_CORE
11458433,TRAIN_CORE
11458500,TRAIN_CORE
11459500,TRAIN_CORE
11460000,TRAIN_CORE
11460400,TRAIN_SOFT_KEEP
11460600,TRAIN_SOFT_KEEP
11460750,TRAIN_CORE
11461500,TRAIN_CORE
11462500,TRAIN_CORE
11463170,TRAIN_CORE
11463200,TRAIN_CORE
11463900,TRAIN_CORE
11465350,TRAIN_SOFT_KEEP
11465680,TRAIN_SOFT_KEEP
11465700,TRAIN_CORE
11465750,TRAIN_CORE
11466320,TRAIN_CORE
11466800,TRAIN_SOFT_KEEP
11467200,TRAIN_CORE
11467510,TRAIN_CORE
11468000,TRAIN_CORE
11468500,TRAIN_CORE
11468900,TRAIN_CORE
11469000,TRAIN_CORE
11475560,TRAIN_CORE
11475800,TRAIN_CORE
11476600,TRAIN_CORE
11478500,TRAIN_CORE
11480390,TRAIN_CORE
11481200,TRAIN_CORE
11481500,TRAIN_CORE
11482500,TRAIN_CORE
11521500,TRAIN_CORE
11525530,TRAIN_CORE
11525670,TRAIN_CORE
12010000,TRAIN_CORE
12013500,TRAIN_CORE
12020000,TRAIN_CORE
12025000,TRAIN_CORE
12025700,TRAIN_CORE
12026150,TRAIN_CORE
12026400,TRAIN_CORE
12035000,TRAIN_CORE
12035400,TRAIN_CORE
12036000,TRAIN_CORE
12037400,TRAIN_CORE
12039500,TRAIN_CORE
12041200,TRAIN_CORE
12043000,TRAIN_CORE
12043300,TRAIN_CORE
12045500,TRAIN_CORE
12048000,TRAIN_CORE
12054000,TRAIN_CORE
12056500,TRAIN_CORE
12058790,TRAIN_SOFT_KEEP
12060500,TRAIN_CORE
12073500,TRAIN_SOFT_KEEP
12076800,TRAIN_CORE
12079000,TRAIN_CORE
12080010,TRAIN_CORE
12082500,TRAIN_CORE
12083000,TRAIN_CORE
12086500,TRAIN_CORE
12087000,TRAIN_CORE
12088000,TRAIN_CORE
12090500,TRAIN_SOFT_KEEP
12091200,TRAIN_CORE
12091500,TRAIN_CORE
12092000,TRAIN_CORE
12093500,TRAIN_CORE
12094000,TRAIN_CORE
12095000,TRAIN_CORE
12097500,TRAIN_CORE
12097850,TRAIN_CORE
12099600,TRAIN_CORE
12105900,TRAIN_CORE
12106700,TRAIN_CORE
12108500,TRAIN_CORE
12112600,TRAIN_CORE
12113349,TRAIN_SOFT_KEEP
12114500,TRAIN_CORE
12115000,TRAIN_CORE
12115500,TRAIN_CORE
12116400,TRAIN_CORE
12116500,TRAIN_CORE
12117000,TRAIN_CORE
12117500,TRAIN_CORE
12117600,TRAIN_CORE
12119000,TRAIN_CORE
12120600,TRAIN_CORE
12121600,TRAIN_SOFT_KEEP
12137290,TRAIN_CORE
12137800,TRAIN_CORE
12138160,TRAIN_CORE
12141300,TRAIN_CORE
12142000,TRAIN_CORE
12143400,TRAIN_CORE
12143700,TRAIN_SOFT_KEEP
12143900,TRAIN_CORE
12144000,TRAIN_CORE
12144500,TRAIN_CORE
12145500,TRAIN_CORE
12147600,TRAIN_CORE
12148000,TRAIN_SOFT_KEEP
12148500,TRAIN_CORE
12155300,TRAIN_CORE
12157250,TRAIN_CORE
12158010,TRAIN_SOFT_KEEP
12158040,TRAIN_SOFT_KEEP
12167000,TRAIN_CORE
12175500,TRAIN_CORE
12179900,TRAIN_CORE
12182500,TRAIN_CORE
12186000,TRAIN_CORE
12201500,TRAIN_CORE
12201950,TRAIN_SOFT_KEEP
12202300,TRAIN_SOFT_KEEP
12202310,TRAIN_SOFT_KEEP
12205000,TRAIN_CORE
12208000,TRAIN_CORE
12209490,TRAIN_CORE
12210000,TRAIN_CORE
12210900,TRAIN_CORE
12323250,TRAIN_CORE
12323600,TRAIN_SOFT_KEEP
12323670,TRAIN_CORE
12323710,TRAIN_CORE
12323720,TRAIN_CORE
12323760,TRAIN_CORE
12323770,TRAIN_CORE
12323850,TRAIN_SOFT_KEEP
12338300,TRAIN_SOFT_KEEP
12342500,TRAIN_SOFT_KEEP
12354000,TRAIN_SOFT_KEEP
12366000,TRAIN_CORE
12377150,TRAIN_CORE
12390700,TRAIN_CORE
12392300,TRAIN_CORE
12411000,TRAIN_SOFT_KEEP
12413125,TRAIN_CORE
12413130,TRAIN_CORE
12413210,TRAIN_CORE
12413355,TRAIN_CORE
12413470,TRAIN_CORE
12414900,TRAIN_CORE
12422990,TRAIN_CORE
12447390,TRAIN_CORE
12448998,TRAIN_CORE
12451000,TRAIN_CORE
12452800,TRAIN_CORE
12452890,TRAIN_CORE
12456500,TRAIN_CORE
12458000,TRAIN_CORE
12464800,TRAIN_CORE
12465400,TRAIN_CORE
12488500,TRAIN_CORE
12502500,TRAIN_CORE
13011500,TRAIN_SOFT_KEEP
13016305,TRAIN_CORE
13016450,TRAIN_CORE
13018300,TRAIN_CORE
13018350,TRAIN_CORE
13039500,TRAIN_SOFT_KEEP
13047500,TRAIN_SOFT_KEEP
13047600,TRAIN_SOFT_KEEP
13075000,TRAIN_SOFT_KEEP
13075983,TRAIN_SOFT_KEEP
13092747,TRAIN_SOFT_KEEP
13120000,TRAIN_CORE
13135500,TRAIN_CORE
13150430,TRAIN_SOFT_KEEP
13159800,TRAIN_CORE
13161500,TRAIN_SOFT_KEEP
13162225,TRAIN_CORE
13174500,TRAIN_SOFT_KEEP
13237920,TRAIN_SOFT_KEEP
13239000,TRAIN_SOFT_KEEP
13265500,TRAIN_CORE
13295000,TRAIN_CORE
13297330,TRAIN_CORE
13297350,TRAIN_CORE
13297355,TRAIN_CORE
13331500,TRAIN_CORE
13335050,TRAIN_SOFT_KEEP
13339500,TRAIN_CORE
13342450,TRAIN_CORE
13345000,TRAIN_SOFT_KEEP
13348000,TRAIN_SOFT_KEEP
14013000,TRAIN_CORE
14013700,TRAIN_CORE
14015000,TRAIN_CORE
14020000,TRAIN_CORE
14034470,TRAIN_CORE
14034500,TRAIN_CORE
14034608,TRAIN_CORE
14046778,TRAIN_CORE
14091500,TRAIN_SOFT_KEEP
14092750,TRAIN_CORE
14093000,TRAIN_CORE
14096850,TRAIN_CORE
14107000,TRAIN_CORE
14113200,TRAIN_CORE
14120000,TRAIN_CORE
14137000,TRAIN_CORE
14138720,TRAIN_SOFT_KEEP
14138800,TRAIN_CORE
14138870,TRAIN_CORE
14138900,TRAIN_CORE
14139800,TRAIN_CORE
14140000,TRAIN_CORE
14141500,TRAIN_CORE
14142800,TRAIN_SOFT_KEEP
14150800,TRAIN_CORE
14151000,TRAIN_CORE
14152500,TRAIN_CORE
14153500,TRAIN_CORE
14154500,TRAIN_CORE
14155500,TRAIN_CORE
14158500,TRAIN_CORE
14158790,TRAIN_CORE
14158850,TRAIN_CORE
14159200,TRAIN_CORE
14159500,TRAIN_CORE
14161500,TRAIN_CORE
14162200,TRAIN_CORE
14163000,TRAIN_CORE
14164700,TRAIN_SOFT_KEEP
14165000,TRAIN_CORE
14166500,TRAIN_CORE
14169000,TRAIN_CORE
14171000,TRAIN_CORE
14173500,TRAIN_SOFT_KEEP
14178000,TRAIN_CORE
14179000,TRAIN_CORE
14180300,TRAIN_CORE
14182500,TRAIN_CORE
14185000,TRAIN_CORE
14185900,TRAIN_CORE
14187000,TRAIN_CORE
14188800,TRAIN_CORE
14190500,TRAIN_CORE
14198400,TRAIN_CORE
14198500,TRAIN_CORE
14199704,TRAIN_SOFT_KEEP
14200000,TRAIN_CORE
14201340,TRAIN_SOFT_KEEP
14201500,TRAIN_CORE
14203500,TRAIN_CORE
14206900,TRAIN_CORE
14206950,TRAIN_CORE
14208700,TRAIN_CORE
14209000,TRAIN_CORE
14211400,TRAIN_CORE
14211499,TRAIN_CORE
14211500,TRAIN_CORE
14211550,TRAIN_CORE
14216000,TRAIN_CORE
14216500,TRAIN_CORE
14219000,TRAIN_CORE
14219800,TRAIN_CORE
14222500,TRAIN_CORE
14226500,TRAIN_CORE
14236200,TRAIN_CORE
14240525,TRAIN_SOFT_KEEP
14299800,TRAIN_CORE
14301500,TRAIN_CORE
14302480,TRAIN_SOFT_KEEP
14302900,TRAIN_CORE
14303200,TRAIN_CORE
14303600,TRAIN_CORE
14305500,TRAIN_CORE
14306340,TRAIN_CORE
14306500,TRAIN_CORE
14308500,TRAIN_CORE
14308990,TRAIN_CORE
14309000,TRAIN_CORE
14309500,TRAIN_CORE
14313200,TRAIN_CORE
14313700,TRAIN_CORE
14314500,TRAIN_CORE
14314700,TRAIN_CORE
14315500,TRAIN_SOFT_KEEP
14315700,TRAIN_SOFT_KEEP
14315950,TRAIN_CORE
14316495,TRAIN_CORE
14316700,TRAIN_CORE
14320934,TRAIN_CORE
14325000,TRAIN_CORE
14330000,TRAIN_CORE
14332000,TRAIN_CORE
14337500,TRAIN_CORE
14338000,TRAIN_CORE
14353500,TRAIN_SOFT_KEEP
14354200,TRAIN_CORE
14357500,TRAIN_SOFT_KEEP
14362000,TRAIN_CORE
14362250,TRAIN_CORE
14375100,TRAIN_CORE
14377100,TRAIN_CORE
14400000,TRAIN_CORE
393109104464500,TRAIN_CORE
394839104570300,TRAIN_SOFT_KEEP
401733105392404,TRAIN_SOFT_KEEP
402114105350101,TRAIN_CORE
402913084285400,TRAIN_CORE
